Q,QUARTER,COUNTRY,GDP_DEFLATOR,GDP_REAL,TAX,GOVT_CONS,PRIVATE_CONS,INV,SHORT_TERM_INTEREST_RATE
1961.25,1961Q1,CANADA,17.7,10168,,1646,6385,2308,3.6967
1961.5,1961Q2,CANADA,18.2,10392,,1671,6512,2349,3.53
1961.75,1961Q3,CANADA,18.6,10670,,1752,6676,2257,3.1367
1962,1962Q4,CANADA,18.9,9881,,1595,6115,2266,3.1067
1962.25,1962Q1,CANADA,19.4,10158,,1625,6273,2329,3.4022
1962.5,1962Q2,CANADA,19.5,10273,,1686,6348,2252,3.697
1962.75,1962Q3,CANADA,19.8,10487,,1680,6359,2529,5.6135
1963,1963Q4,CANADA,20.2,10733,,1724,6523,2430,4.5522
1963.25,1963Q1,CANADA,20.3,10834,,1760,6590,2447,4.1885
1963.5,1963Q2,CANADA,20.6,11055,,1780,6759,2440,3.6723
1963.75,1963Q3,CANADA,20.8,11237,,1834,6839,2587,4.0345
1964,1964Q4,CANADA,21.4,11694,,1875,6996,2716,4.1475
1964.25,1964Q1,CANADA,22,11966,,1953,7135,2884,4.144
1964.5,1964Q2,CANADA,22,12163,,1955,7188,2863,4.0627
1964.75,1964Q3,CANADA,22.3,12426,,1976,7365,2922,4.1875
1965,1965Q4,CANADA,22.4,12596,,2060,7493,2977,4.4433
1965.25,1965Q1,CANADA,23.1,13037,,2096,7573,3452,4.3922
1965.5,1965Q2,CANADA,23.3,13355,,2143,7826,3460,4.6603
1965.75,1965Q3,CANADA,23.6,13675,,2219,7992,3512,5.0987
1966,1966Q4,CANADA,24.2,14166,,2282,8234,3724,5.65
1966.25,1966Q1,CANADA,24.7,14643,,2401,8389,3925,6.0392
1966.5,1966Q2,CANADA,25.2,15135,,2508,8533,4248,6.1455
1966.75,1966Q3,CANADA,25.2,15333,,2619,8755,4031,6.3555
1967,1967Q4,CANADA,25.5,15626,,2737,8871,4053,6.485
1967.25,1967Q1,CANADA,25.4,15815,,2788,9008,3985,6.0145
1967.5,1967Q2,CANADA,26,16327,,2961,9295,3967,5.1595
1967.75,1967Q3,CANADA,26.1,16474,,3023,9395,3963,5.6808
1968,1968Q4,CANADA,26.2,16759,,3092,9670,3847,6.5338
1968.25,1968Q1,CANADA,26.4,17138,,3165,9899,3995,6.8385
1968.5,1968Q2,CANADA,27.1,17673,,3265,10035,4103,7.3117
1968.75,1968Q3,CANADA,27.5,18078,,3445,10316,4140,6.6852
1969,1969Q4,CANADA,27.9,18537,,3599,10565,4330,6.4385
1969.25,1969Q1,CANADA,28.2,19063,,3624,10873,4518,6.8985
1969.5,1969Q2,CANADA,28.4,19446,,3738,10995,4693,7.2647
1969.75,1969Q3,CANADA,28.7,19824,,3891,11213,4728,8.289
1970,1970Q4,CANADA,29.1,22352,,4415,12619,5344,8.7275
1970.25,1970Q1,CANADA,29.3,22865,,4670,12645,5146,8.6258
1970.5,1970Q2,CANADA,29.3,23071,,4910,12809,4998,7.6402
1970.75,1970Q3,CANADA,29.6,23549,,4898,13085,5291,7.3705
1971,1971Q4,CANADA,29.6,23751,,5031,13263,4953,6.179
1971.25,1971Q1,CANADA,29.5,24097,,5010,13289,5392,5.1132
1971.5,1971Q2,CANADA,30.3,25105,,5356,13918,5619,3.8525
1971.75,1971Q3,CANADA,31.2,25934,,5445,14363,5965,4.5928
1972,1972Q4,CANADA,31.5,26632,,5635,14833,6255,4.7187
1972.25,1972Q1,CANADA,31.4,27064,,5644,15051,6307,4.6053
1972.5,1972Q2,CANADA,32.3,28091,,5798,15577,6532,5.7618
1972.75,1972Q3,CANADA,32.4,28623,,6064,15970,6603,4.947
1973,1973Q4,CANADA,33.1,29846,,6359,16525,6533,5.078
1973.25,1973Q1,CANADA,34,31215,,6471,17205,7047,5.052
1973.5,1973Q2,CANADA,34.4,32538,,6578,17698,7620,6.3392
1973.75,1973Q3,CANADA,34.5,33663,,6794,18266,8332,8.2725
1974,1974Q4,CANADA,35.1,35664,,7267,18977,9060,9.5417
1974.25,1974Q1,CANADA,35.4,37356,,7505,19964,9449,9.0402
1974.5,1974Q2,CANADA,35.8,39022,,7940,20738,10041,11.1915
1974.75,1974Q3,CANADA,35.8,40596,,8557,21458,10417,11.6643
1975,1975Q4,CANADA,35.6,41332,,8927,21930,10786,10.3215
1975.25,1975Q1,CANADA,35.4,41893,,9188,22954,10622,7.3803
1975.5,1975Q2,CANADA,35.8,43437,,9824,23691,10625,7.2955
1975.75,1975Q3,CANADA,36.5,45582,,10417,24781,11087,8.2597
1976,1976Q4,CANADA,36.9,47133,,10424,25766,11730,9.1595
1976.25,1976Q1,CANADA,37.6,49072,,10665,26264,12631,9.2512
1976.5,1976Q2,CANADA,38.4,51567,,11472,27387,13010,9.5183
1976.75,1976Q3,CANADA,38.5,52116,,11177,27943,13033,9.3833
1977,1977Q4,CANADA,38.6,48411,,10946,26295,11507,8.9533
1977.25,1977Q1,CANADA,39.2,49975,,11218,26888,12198,7.9108
1977.5,1977Q2,CANADA,39.4,51085,,11646,27378,12451,7.354
1977.75,1977Q3,CANADA,39.6,52205,,11709,28452,12542,7.3367
1978,1978Q4,CANADA,40.2,53625,,11943,29215,12667,7.3702
1978.25,1978Q1,CANADA,40.6,54840,,12145,30045,12381,7.335
1978.5,1978Q2,CANADA,40.8,56511,,12420,30780,13161,8.2957
1978.75,1978Q3,CANADA,41.2,57995,,12702,31668,13568,8.8865
1979,1979Q4,CANADA,41.6,54803,,11962,29821,13142,10.3378
1979.25,1979Q1,CANADA,41.9,56532,,12274,30823,13626,11.0283
1979.5,1979Q2,CANADA,42.5,59191,,12633,31608,14964,11.2387
1979.75,1979Q3,CANADA,42.8,61021,,12852,32349,15187,11.6842
1980,1980Q4,CANADA,43.1,62901,,13170,33184,16079,13.8942
1980.25,1980Q1,CANADA,43.4,64533,,13613,34176,15407,14.2242
1980.5,1980Q2,CANADA,43.4,66085,,14154,34953,16265,13.5808
1980.75,1980Q3,CANADA,43.3,67650,,14717,36515,15176,10.785
1981,1981Q4,CANADA,43.9,70688,,15046,37888,16770,13.9258
1981.25,1981Q1,CANADA,44.9,74165,,15548,39200,19113,17.15
1981.5,1981Q2,CANADA,45.4,76665,,16063,40085,20698,18.4817
1981.75,1981Q3,CANADA,45,77671,,16888,40869,19588,20.7375
1982,1982Q4,CANADA,44.8,78464,,17199,41728,18252,17.1333
1982.25,1982Q1,CANADA,44.2,79793,,17721,42031,18343,15.3633
1982.5,1982Q2,CANADA,43.7,80524,,18281,42968,16111,16.0517
1982.75,1982Q3,CANADA,43.4,81158,,18846,43843,14812,14.8783
1983,1983Q4,CANADA,43,82009,,19390,44648,15185,11.2075
1983.25,1983Q1,CANADA,43.7,84008,,19076,45784,16710,9.6692
1983.5,1983Q2,CANADA,44.5,86626,,19801,46858,16695,9.3125
1983.75,1983Q3,CANADA,45,89367,,20218,48315,18532,9.3717
1984,1984Q4,CANADA,45.6,84089,,18914,45609,17594,9.51
1984.25,1984Q1,CANADA,46.4,86123,,19136,46566,18245,10.0058
1984.5,1984Q2,CANADA,47.3,88375,,19344,47373,18763,11.3017
1984.75,1984Q3,CANADA,47.5,89458,,19714,47938,18756,12.4892
1985,1985Q4,CANADA,48.2,84888,,18677,45594,17386,11.0917
1985.25,1985Q1,CANADA,49,86803,,19279,46715,17892,10.515
1985.5,1985Q2,CANADA,49.1,88456,,19581,47716,18906,9.8
1985.75,1985Q3,CANADA,49.7,89977,,19603,49012,20073,9.145
1986,1986Q4,CANADA,50.5,91926,,20306,49854,20039,8.9242
1986.25,1986Q1,CANADA,50.5,92609,,20446,50724,20981,10.97
1986.5,1986Q2,CANADA,50.8,93544,,20509,51562,20707,8.9417
1986.75,1986Q3,CANADA,50.8,94682,,20973,52882,19919,8.4442
1987,1987Q4,CANADA,50.5,102662,,22807,57625,21482,8.3958
1987.25,1987Q1,CANADA,51.6,106247,,23258,58823,22405,7.5125
1987.5,1987Q2,CANADA,52.3,109119,,23778,60304,23323,8.1108
1987.75,1987Q3,CANADA,53.1,111862,,23725,61255,25133,9.0458
1988,1988Q4,CANADA,53.8,124117,,26270,67799,29379,8.9692
1988.25,1988Q1,CANADA,54.6,127281,,26897,68820,30468,8.6175
1988.5,1988Q2,CANADA,55.1,129410,,27348,70493,29922,9.09
1988.75,1988Q3,CANADA,55.1,131540,,27865,71773,31203,9.9325
1989,1989Q4,CANADA,55.5,134181,,28232,73463,31206,10.8
1989.25,1989Q1,CANADA,56.1,136700,,28638,74473,31786,11.6867
1989.5,1989Q2,CANADA,56.3,139540,,29860,76703,33290,12.3965
1989.75,1989Q3,CANADA,56.5,141486,,30342,77400,33947,12.2815
1990,1990Q4,CANADA,56.4,141923,,30751,78438,33111,12.3423
1990.25,1990Q1,CANADA,56.9,144152,41766,31753,80363,32705,12.8147
1990.5,1990Q2,CANADA,56.7,144922,46249,32138,80183,32078,13.6975
1990.75,1990Q3,CANADA,56.3,145351,44526,33173,81156,29869,13.2287
1991,1991Q4,CANADA,55.8,158356,46787,37122,89396,31444,12.3443
1991.25,1991Q1,CANADA,55,157729,44903,37404,89435,31685,10.6145
1991.5,1991Q2,CANADA,55.2,159448,50034,38318,91545,29894,9.246
1991.75,1991Q3,CANADA,55.3,160181,48794,38423,92165,30748,8.6908
1992,1992Q4,CANADA,55.4,147233,47904,35820,84600,28477,7.8895
1992.25,1992Q1,CANADA,55.5,147918,45538,36111,85135,28179,7.3675
1992.5,1992Q2,CANADA,55.5,148905,45485,36278,85820,27665,6.5893
1992.75,1992Q3,CANADA,55.8,150346,45108,36631,86896,27846,5.2615
1993,1993Q4,CANADA,56.1,139872,43955,34458,80872,24309,7.49
1993.25,1993Q1,CANADA,56.5,141145,41708,34001,81592,24905,6.3325
1993.5,1993Q2,CANADA,57,143338,40043,34485,82336,26095,5.16
1993.75,1993Q3,CANADA,57.6,144244,44475,34374,83192,27375,4.522
1994,1994Q4,CANADA,57.8,135494,43154,31943,78151,25804,4.3973
1994.25,1994Q1,CANADA,58.7,137974,38611,31579,79122,26646,3.9612
1994.5,1994Q2,CANADA,59.5,139939,39935,32186,79404,27699,6.1888
1994.75,1994Q3,CANADA,60.3,142997,44386,32272,80188,27816,5.895
1995,1995Q4,CANADA,60.7,144784,44861,32251,81394,28239,5.9058
1995.25,1995Q1,CANADA,61.3,147138,40906,32359,81610,28780,8.0903
1995.5,1995Q2,CANADA,61.3,148010,42600,32297,82600,29454,7.5858
1995.75,1995Q3,CANADA,61.4,148746,46285,32027,83609,28706,6.6468
1996,1996Q4,CANADA,61.6,150121,46691,31972,83799,28181,6.2003
1996.25,1996Q1,CANADA,61.7,150751,43171,31955,85214,28299,5.3281
1996.5,1996Q2,CANADA,62.1,152304,45124,32120,86019,26858,4.8889
1996.75,1996Q3,CANADA,62.6,154383,49067,31679,86697,29398,4.3596
1997,1997Q4,CANADA,63.1,156729,50137,31751,88609,31693,3.2196
1997.25,1997Q1,CANADA,64,159241,45890,32088,90334,32045,3.1621
1997.5,1997Q2,CANADA,64.7,160609,49187,31966,91434,33925,3.3492
1997.75,1997Q3,CANADA,65.5,162958,52268,32246,92744,35424,3.5988
1998,1998Q4,CANADA,66.1,153997,50825,30153,87663,33649,4.1205
1998.25,1998Q1,CANADA,67,155769,45173,30990,87921,34349,4.8345
1998.5,1998Q2,CANADA,67.1,155869,49144,30959,89225,32963,4.9783
1998.75,1998Q3,CANADA,67.7,156479,49645,31269,90091,31491,5.3191
1999,1999Q4,CANADA,68.6,158916,51584,31162,90690,33156,5.1417
1999.25,1999Q1,CANADA,69.8,162540,47485,31820,92218,33033,5.0318
1999.5,1999Q2,CANADA,70.4,165695,51666,32119,93619,34406,4.7159
1999.75,1999Q3,CANADA,71.5,170218,54521,32862,95330,34704,4.8494
2000,2000Q4,CANADA,72.5,173498,56185,33024,96787,36843,5.0634
2000.25,2000Q1,CANADA,73.7,178365,51840,33937,98225,37260,5.3262
2000.5,2000Q2,CANADA,74.6,183241,57181,35593,99595,37872,5.7651
2000.75,2000Q3,CANADA,75.3,186961,58334,35582,101678,38646,5.8742
2001,2001Q4,CANADA,75.5,188813,59001,35773,102627,38228,5.8284
2001.25,2001Q1,CANADA,75.9,191654,52722,36297,103548,37655,5.1373
2001.5,2001Q2,CANADA,76.1,192143,57941,36972,104967,38705,4.4893
2001.75,2001Q3,CANADA,76,189801,56260,37549,105347,37798,3.955
2002,2002Q4,CANADA,76.5,177591,52963,35664,99863,33693,2.4328
2002.25,2002Q1,CANADA,77.6,181038,47469,36006,101728,33829,2.1235
2002.5,2002Q2,CANADA,78.1,185296,52094,36486,103949,37066,2.6009
2002.75,2002Q3,CANADA,78.7,188148,54257,37201,105294,37582,2.9124
2003,2003Q4,CANADA,79.2,218946,64422,43276,122179,44331,2.858
2003.25,2003Q1,CANADA,79.6,223230,59219,43846,123294,45821,2.9976
2003.5,2003Q2,CANADA,79.5,221021,59508,44221,124077,45628,3.2802
2003.75,2003Q3,CANADA,79.8,224696,64376,44843,125791,44895,2.8592
2004,2004Q4,CANADA,80.3,244785,71804,48902,135506,50710,2.7207
2004.25,2004Q1,CANADA,80.9,249272,67765,49388,138095,50997,2.3302
2004.5,2004Q2,CANADA,81.9,255413,69543,49507,139814,52582,2.0793
2004.75,2004Q3,CANADA,82.9,259900,74628,50032,141378,56803,2.2211
2005,2005Q4,CANADA,83.4,284808,82483,54798,154844,64266,2.6169
2005.25,2005Q1,CANADA,83.7,287568,78765,55342,157795,65489,2.5908
2005.5,2005Q2,CANADA,84.3,291585,80871,56111,159992,65859,2.5847
2005.75,2005Q3,CANADA,85.4,299373,84770,56816,161943,67804,2.7637
2006,2006Q4,CANADA,86.2,333963,96031,62960,178477,75225,3.2879
2006.25,2006Q1,CANADA,86.9,335455,91188,63617,181719,78718,3.7741
2006.5,2006Q2,CANADA,87,338799,93341,65309,184043,80956,4.2663
2006.75,2006Q3,CANADA,87.2,342031,97467,66134,186455,81230,4.3479
2007,2007Q4,CANADA,87.5,344265,102386,66824,188165,80123,4.3202
2007.25,2007Q1,CANADA,88.1,351654,96380,67886,191400,82697,4.3425
2007.5,2007Q2,CANADA,89,358321,101475,68854,195094,83445,4.4161
2007.75,2007Q3,CANADA,89.3,359602,102495,69270,197288,87731,4.9156
2008,2008Q4,CANADA,89.4,364661,104137,70088,201149,89022,4.8263
2008.25,2008Q1,CANADA,89.5,372113,101353,71763,203760,89114,3.8831
2008.5,2008Q2,CANADA,89.8,381238,100224,74275,205596,90261,3.2617
2008.75,2008Q3,CANADA,90.6,385116,103218,74806,207437,92998,3.4046
2009,2009Q4,CANADA,89.5,367934,100944,76209,203612,90255,2.8131
2009.25,2009Q1,CANADA,87.5,353916,96657,76915,202307,79569,1.2943
2009.5,2009Q2,CANADA,86.5,351929,94983,78088,203788,75781,0.6982
2009.75,2009Q3,CANADA,86.9,356346,99284,78724,206579,77595,0.4007
2010,2010Q4,CANADA,87.9,402923,113553,88037,230721,88818,0.3821
2010.25,2010Q1,CANADA,89,411008,107193,88384,233426,95435,0.3805
2010.5,2010Q2,CANADA,89.5,413310,111268,88783,235515,96914,0.6051
2010.75,2010Q3,CANADA,90.1,416343,109726,89721,238455,100191,0.95
2011,2011Q4,CANADA,91.1,425387,114111,90903,242223,98681,1.1679
2011.25,2011Q1,CANADA,91.8,434488,112521,92128,244148,104125,1.1841
2011.5,2011Q2,CANADA,92,439963,115981,93183,246930,108091,1.1802
2011.75,2011Q3,CANADA,93.2,446437,118877,94705,248892,106850,1.1573
2012,2012Q4,CANADA,94,453175,121728,95125,251780,109396,1.1557
2012.25,2012Q1,CANADA,94,453780,117977,95112,253751,111608,1.1569
2012.5,2012Q2,CANADA,94.3,454746,120423,95526,254654,114476,1.1625
2012.75,2012Q3,CANADA,94.5,457659,121693,96811,256524,115143,1.16
2013,2013Q4,CANADA,94.7,461016,126905,97321,258677,113154,1.16
2013.25,2013Q1,CANADA,95.5,469211,122062,97959,261965,117010,1.16
2013.5,2013Q2,CANADA,96.1,471648,123329,97620,264726,115965,1.1607
2013.75,2013Q3,CANADA,96.8,478107,127762,98632,267803,119096,1.1684
2014,2014Q4,CANADA,97.9,439346,120121,90579,245474,110668,1.1686
2014.25,2014Q1,CANADA,98,446239,119321,91455,248184,111161,1.17
2014.5,2014Q2,CANADA,98.9,451910,118690,91627,251971,111140,1.174
2014.75,2014Q3,CANADA,99.9,457680,122558,92157,254575,112943,1.17
2015,2015Q4,CANADA,100.6,387297,105644,78103,217598,97982,1.1779
2015.25,2015Q1,CANADA,100,381596,104818,79440,217782,94909,0.9676
2015.5,2015Q2,CANADA,99.7,381715,105588,79498,219692,91655,0.8921
2015.75,2015Q3,CANADA,100.1,384782,109276,80431,222755,89672,0.6675
2016,2016Q4,CANADA,100.2,383015,111346,80294,224890,88498,0.7635
2016.25,2016Q1,CANADA,100.7,384312,111154,81123,225223,88205,0.7985
2016.5,2016Q2,CANADA,100.2,385029,107957,81875,226580,88816,0.8335
2016.75,2016Q3,CANADA,101.3,391427,111429,82251,228385,90228,0.8138
2017,2017Q4,CANADA,101.8,397336,114297,82701,231057,87392,0.8197
2017.25,2017Q1,CANADA,103,405328,115608,83918,234397,93032,0.865
2017.5,2017Q2,CANADA,104.2,409787,115669,85224,237334,95542,0.8232
2017.75,2017Q3,CANADA,104.6,412282,119344,85703,239439,98505,1.2142
2018,2018Q4,CANADA,105,419608,122029,86808,242995,100496,1.3431
2018.25,2018Q1,CANADA,105.6,423512,121605,87886,245025,100107,1.5656
2018.5,2018Q2,CANADA,106,426849,120201,89050,246475,99871,1.6463
2018.75,2018Q3,CANADA,106.7,431556,124679,89981,249279,97473,1.8379
2019,2019Q4,CANADA,106.9,428742,126878,91385,250402,97281,2.1126
2019.25,2019Q1,CANADA,107.2,434993,127274,92222,252715,101195,2
2019.5,2019Q2,CANADA,108.1,443420,125709,93248,254998,100395,1.8567
2019.75,2019Q3,CANADA,108.4,444628,128974,94202,256993,100028,1.8367
2020,2020Q4,CANADA,108.5,,,,,,1.8667
2020.25,2020Q1,CANADA,106.3,,,,,,1.66
2020.5,2020Q2,CANADA,94,,,,,,0.3767
1961.25,1961Q1,FRANCE,23,,,,,,
1961.5,1961Q2,FRANCE,23.4,,,,,,
1961.75,1961Q3,FRANCE,23.8,,,,,,
1962,1962Q4,FRANCE,24.2,,,,,,
1962.25,1962Q1,FRANCE,24.6,,,,,,
1962.5,1962Q2,FRANCE,25,,,,,,
1962.75,1962Q3,FRANCE,25.4,,,,,,
1963,1963Q4,FRANCE,25.7,,,,,,
1963.25,1963Q1,FRANCE,25.2,,,,,,
1963.5,1963Q2,FRANCE,26.4,,,,,,
1963.75,1963Q3,FRANCE,27.2,,,,,,
1964,1964Q4,FRANCE,27.3,,,,,,
1964.25,1964Q1,FRANCE,27.8,,,,,,
1964.5,1964Q2,FRANCE,28.1,,,,,,
1964.75,1964Q3,FRANCE,28.5,,,,,,
1965,1965Q4,FRANCE,28.7,,,,,,
1965.25,1965Q1,FRANCE,28.8,,,,,,
1965.5,1965Q2,FRANCE,29.5,,,,,,
1965.75,1965Q3,FRANCE,29.9,,,,,,
1966,1966Q4,FRANCE,30.3,,,,,,
1966.25,1966Q1,FRANCE,30.6,,,,,,
1966.5,1966Q2,FRANCE,31.1,,,,,,
1966.75,1966Q3,FRANCE,31.4,,,,,,
1967,1967Q4,FRANCE,31.6,,,,,,
1967.25,1967Q1,FRANCE,32.1,,,,,,
1967.5,1967Q2,FRANCE,32.5,,,,,,
1967.75,1967Q3,FRANCE,32.8,,,,,,
1968,1968Q4,FRANCE,33.1,,,,,,
1968.25,1968Q1,FRANCE,34.1,,,,,,
1968.5,1968Q2,FRANCE,31.5,,,,,,
1968.75,1968Q3,FRANCE,35.1,,,,,,
1969,1969Q4,FRANCE,35.4,,,,,,
1969.25,1969Q1,FRANCE,35.5,,,,,,
1969.5,1969Q2,FRANCE,36.4,,,,,,
1969.75,1969Q3,FRANCE,36.7,,,,,,
1970,1970Q4,FRANCE,37,,,,,,
1970.25,1970Q1,FRANCE,37.7,,,,,,9.92
1970.5,1970Q2,FRANCE,38.2,,,,,,9.1867
1970.75,1970Q3,FRANCE,38.7,,,,,,8.6733
1971,1971Q4,FRANCE,39.3,,,,,,7.92
1971.25,1971Q1,FRANCE,39.4,,,,,,6.3767
1971.5,1971Q2,FRANCE,40.1,,,,,,6.49
1971.75,1971Q3,FRANCE,40.8,,,,,,6.37
1972,1972Q4,FRANCE,41.1,,,,,,5.91
1972.25,1972Q1,FRANCE,41.6,,,,,,5.2567
1972.5,1972Q2,FRANCE,41.8,,,,,,5.14
1972.75,1972Q3,FRANCE,42.2,,,,,,4.7867
1973,1973Q4,FRANCE,42.9,,,,,,6.8433
1973.25,1973Q1,FRANCE,43.7,,,,,,7.8033
1973.5,1973Q2,FRANCE,44.2,,,,,,7.84
1973.75,1973Q3,FRANCE,44.6,,,,,,9.5733
1974,1974Q4,FRANCE,45.1,,,,,,11.3
1974.25,1974Q1,FRANCE,45.6,,,,,,12.75
1974.5,1974Q2,FRANCE,45.8,,,,,,12.93
1974.75,1974Q3,FRANCE,46.2,,,,,,14.0067
1975,1975Q4,FRANCE,45.5,,,,,,12.39
1975.25,1975Q1,FRANCE,45.3,,,,,,9.92
1975.5,1975Q2,FRANCE,45.5,,,,,,7.6933
1975.75,1975Q3,FRANCE,45.6,,,,,,7.1667
1976,1976Q4,FRANCE,46.2,,,,,,6.9133
1976.25,1976Q1,FRANCE,46.9,,,,,,7.2267
1976.5,1976Q2,FRANCE,47.5,,,,,,7.8233
1976.75,1976Q3,FRANCE,47.7,,,,,,9.2267
1977,1977Q4,FRANCE,48.3,,,,,,10.4833
1977.25,1977Q1,FRANCE,48.8,,,,,,9.94
1977.5,1977Q2,FRANCE,49,,,,,,9.19
1977.75,1977Q3,FRANCE,49.3,,,,,,8.53
1978,1978Q4,FRANCE,49.4,,,,,,9.2033
1978.25,1978Q1,FRANCE,50.1,,,,,,9.88
1978.5,1978Q2,FRANCE,50.9,,,,,,8.2033
1978.75,1978Q3,FRANCE,50.9,,,,,,7.4933
1979,1979Q4,FRANCE,51.3,,,,,,7.05
1979.25,1979Q1,FRANCE,51.7,,,,,,6.85
1979.5,1979Q2,FRANCE,52.2,,,,,,7.7633
1979.75,1979Q3,FRANCE,52.8,,,,,,10.8233
1980,1980Q4,FRANCE,52.9,,,,,,12.4967
1980.25,1980Q1,FRANCE,53.5,181265,,37318,98872,44200,12.9967
1980.5,1980Q2,FRANCE,53.2,186027,,38792,100805,45570,12.6467
1980.75,1980Q3,FRANCE,53.2,190698,,40457,104270,46727,11.6767
1981,1981Q4,FRANCE,53.2,146084,,31416,81089,35543,11.5167
1981.25,1981Q1,FRANCE,53.4,150918,,32468,83805,36426,11.9667
1981.5,1981Q2,FRANCE,53.7,155841,,33824,87675,37323,15.94
1981.75,1981Q3,FRANCE,54.1,161836,,35336,91179,38519,17.44
1982,1982Q4,FRANCE,54.3,134822,,29592,76319,32115,15.69
1982.25,1982Q1,FRANCE,54.8,140615,,31014,79084,33020,14.9467
1982.5,1982Q2,FRANCE,55.1,145305,,31989,81910,34192,16.0833
1982.75,1982Q3,FRANCE,55.2,148228,,33053,83470,34345,14.39
1983,1983Q4,FRANCE,55.5,126258,,28287,71937,28762,13.0433
1983.25,1983Q1,FRANCE,55.7,130100,,29152,73510,29210,12.71
1983.5,1983Q2,FRANCE,55.8,133670,,29896,75348,29463,12.44
1983.75,1983Q3,FRANCE,55.9,137475,,30659,76657,29959,12.39
1984,1984Q4,FRANCE,56.1,129458,,28982,72534,27922,12.33
1984.25,1984Q1,FRANCE,56.5,132551,,29661,74298,28485,12.4133
1984.5,1984Q2,FRANCE,56.7,134940,,30293,75639,28718,12.3033
1984.75,1984Q3,FRANCE,57,137532,,31026,77178,29086,11.4133
1985,1985Q4,FRANCE,57.1,129110,,29266,72391,27441,10.68
1985.25,1985Q1,FRANCE,57.2,131389,,29768,74636,27679,10.6067
1985.5,1985Q2,FRANCE,57.6,134353,,30312,75886,28406,10.2867
1985.75,1985Q3,FRANCE,58,136921,,30796,77187,29089,9.8033
1986,1986Q4,FRANCE,58.1,176790,,40012,100236,37622,9.0767
1986.25,1986Q1,FRANCE,58.4,180317,,40575,101197,38100,8.6933
1986.5,1986Q2,FRANCE,59,184157,,41133,103369,39085,7.3633
1986.75,1986Q3,FRANCE,59.3,187358,,41544,104667,39675,7.1067
1987,1987Q4,FRANCE,59.4,230738,,51290,129287,49282,7.6747
1987.25,1987Q1,FRANCE,59.6,231784,,51576,131409,49820,8.3405
1987.5,1987Q2,FRANCE,60.2,235566,,52240,133903,51308,8.184
1987.75,1987Q3,FRANCE,60.7,239447,,52960,135289,52710,7.9782
1988,1988Q4,FRANCE,61.7,244383,,53896,138449,54019,8.573
1988.25,1988Q1,FRANCE,62.5,249377,,54708,139149,55748,8.0147
1988.5,1988Q2,FRANCE,62.9,253479,,55419,141007,57333,7.8183
1988.75,1988Q3,FRANCE,63.7,259426,,56168,144136,58872,7.7273
1989,1989Q4,FRANCE,64.3,238227,,50892,132067,54387,8.2084
1989.25,1989Q1,FRANCE,65.2,243199,,51622,134776,56163,9.0257
1989.5,1989Q2,FRANCE,65.7,246470,,52266,136555,57263,8.8893
1989.75,1989Q3,FRANCE,66.5,251445,,53070,139245,58069,9.2082
1990,1990Q4,FRANCE,67.3,320473,,67409,176383,74563,10.4721
1990.25,1990Q1,FRANCE,67.8,325205,,68450,179030,75789,11.0169
1990.5,1990Q2,FRANCE,68,329120,,69115,180538,76626,9.9682
1990.75,1990Q3,FRANCE,68.3,330566,,70224,182435,77510,10.1961
1991,1991Q4,FRANCE,68.5,295884,,63148,164390,69431,10.1044
1991.25,1991Q1,FRANCE,68.5,298271,,64213,164966,69464,9.8314
1991.5,1991Q2,FRANCE,68.7,302132,,65370,166059,70344,9.4292
1991.75,1991Q3,FRANCE,68.9,304854,,66078,167253,70846,9.5408
1992,1992Q4,FRANCE,69.2,346523,,75510,190769,79375,9.6587
1992.25,1992Q1,FRANCE,69.9,352101,,76630,192153,79613,10.0496
1992.5,1992Q2,FRANCE,69.9,352660,,77794,193484,78453,10.0403
1992.75,1992Q3,FRANCE,69.9,354116,,79324,195528,77679,10.5509
1993,1993Q4,FRANCE,69.7,314608,,71788,175347,67811,10.7377
1993.25,1993Q1,FRANCE,69.3,315288,,73016,173956,67140,11.8178
1993.5,1993Q2,FRANCE,69.4,316631,,74251,175482,65713,8.0186
1993.75,1993Q3,FRANCE,69.5,317794,,74642,176203,64994,7.7714
1994,1994Q4,FRANCE,69.6,359024,,84513,199489,72769,6.7397
1994.25,1994Q1,FRANCE,70.1,362091,,84706,200046,73848,6.2882
1994.5,1994Q2,FRANCE,70.9,367086,,85078,202406,74988,5.7402
1994.75,1994Q3,FRANCE,71.3,370053,,85723,203698,75881,5.6223
1995,1995Q4,FRANCE,71.9,374646,,86393,204525,76451,5.7359
1995.25,1995Q1,FRANCE,72.3,377113,,86963,205764,76448,6.6008
1995.5,1995Q2,FRANCE,72.6,380111,,87824,209464,76398,7.4825
1995.75,1995Q3,FRANCE,72.7,382095,,88674,208715,76435,6.1222
1996,1996Q4,FRANCE,72.9,384090,,89610,210018,76603,6.1072
1996.25,1996Q1,FRANCE,73.3,388661,,90596,214678,77510,4.46
1996.5,1996Q2,FRANCE,73.5,390268,,91510,215035,77441,3.9566
1996.75,1996Q3,FRANCE,73.9,392793,,92184,217409,77880,3.8498
1997,1997Q4,FRANCE,74,349983,,82764,191773,69316,3.476
1997.25,1997Q1,FRANCE,74.2,352167,,83306,192279,68611,3.3494
1997.5,1997Q2,FRANCE,75.1,357339,,83856,192834,69857,3.4366
1997.75,1997Q3,FRANCE,75.6,360867,,84354,194950,70336,3.4093
1998,1998Q4,FRANCE,76.5,366183,,84612,197381,71587,3.6561
1998.25,1998Q1,FRANCE,77.1,370751,,84442,199511,72820,3.5855
1998.5,1998Q2,FRANCE,77.8,374962,,84608,202346,74121,3.6021
1998.75,1998Q3,FRANCE,78.4,377162,,84919,204033,75408,3.5529
1999,1999Q4,FRANCE,79,379620,,85712,204658,76551,3.488
1999.25,1999Q1,FRANCE,79.4,382343,90503,86693,204598,78309,3.0907
1999.5,1999Q2,FRANCE,80.1,386070,114367,87486,206444,80083,2.6341
1999.75,1999Q3,FRANCE,81,390791,103862,88427,210198,82050,2.6994
2000,2000Q4,FRANCE,82.1,324197,107230,73238,174625,67976,3.4298
2000.25,2000Q1,FRANCE,82.9,329695,81457,74188,177561,69972,3.5423
2000.5,2000Q2,FRANCE,83.7,334335,96720,74864,180074,71455,4.263
2000.75,2000Q3,FRANCE,84.2,338333,91352,75424,182567,73377,4.7376
2001,2001Q4,FRANCE,84.9,342721,102346,75801,184385,74601,5.0242
2001.25,2001Q1,FRANCE,85.4,346237,83513,76284,186651,74971,4.745
2001.5,2001Q2,FRANCE,85.5,348678,101293,76911,189315,75119,4.5908
2001.75,2001Q3,FRANCE,85.8,351350,93260,77773,190585,75736,4.2678
2002,2002Q4,FRANCE,85.8,353232,106623,78745,190734,75357,3.4435
2002.25,2002Q1,FRANCE,86.1,356835,84255,80001,192680,75114,3.3622
2002.5,2002Q2,FRANCE,86.5,359649,99744,81451,193717,75165,3.446
2002.75,2002Q3,FRANCE,86.8,362744,95220,82687,195553,75947,3.3573
2003,2003Q4,FRANCE,86.8,445893,129549,102537,241064,93463,3.1088
2003.25,2003Q1,FRANCE,87,448067,103082,103194,243662,94144,2.6831
2003.5,2003Q2,FRANCE,86.8,449574,119463,104293,243340,94474,2.3619
2003.75,2003Q3,FRANCE,87.4,455128,116770,105312,246984,96082,2.1392
2004,2004Q4,FRANCE,88,517836,154529,119895,279710,108763,2.1496
2004.25,2004Q1,FRANCE,88.9,524831,121843,121245,283025,111113,2.0629
2004.5,2004Q2,FRANCE,89.4,529536,146241,122151,286319,113043,2.0825
2004.75,2004Q3,FRANCE,89.7,532768,136910,123016,287649,113996,2.1163
2005,2005Q4,FRANCE,90.4,539711,163313,124085,292801,115918,2.1636
2005.25,2005Q1,FRANCE,90.6,543756,128910,125360,295503,117205,2.1403
2005.5,2005Q2,FRANCE,90.8,548019,154276,126634,297754,119138,2.1246
2005.75,2005Q3,FRANCE,91.2,552440,145694,128079,301483,120940,2.1303
2006,2006Q4,FRANCE,91.9,560694,168599,128869,304439,123170,2.3435
2006.25,2006Q1,FRANCE,92.6,567248,138675,130106,309229,125535,2.6116
2006.5,2006Q2,FRANCE,93.6,575776,161390,131004,312985,129080,2.8895
2006.75,2006Q3,FRANCE,93.6,579858,150425,131884,314701,130806,3.2214
2007,2007Q4,FRANCE,94.3,673160,208383,151997,362933,152961,3.5945
2007.25,2007Q1,FRANCE,95,681400,160241,153511,366530,155947,3.8203
2007.5,2007Q2,FRANCE,95.7,690801,195719,154983,372726,159554,4.0648
2007.75,2007Q3,FRANCE,96.1,698213,183183,156436,378546,162831,4.5005
2008,2008Q4,FRANCE,96.3,704700,212407,157389,383527,165223,4.7248
2008.25,2008Q1,FRANCE,96.7,713003,168357,158349,385361,168966,4.48
2008.5,2008Q2,FRANCE,96.3,713741,200266,159587,389011,170026,4.8605
2008.75,2008Q3,FRANCE,96,712497,189504,161176,389580,169356,4.9818
2009,2009Q4,FRANCE,94.6,704936,210327,162833,385000,162761,4.2147
2009.25,2009Q1,FRANCE,93,692244,149271,163930,381744,155423,2.0117
2009.5,2009Q2,FRANCE,92.9,689004,183869,165667,382404,152099,1.3106
2009.75,2009Q3,FRANCE,93.1,688901,171241,167467,382096,150720,0.8692
2010,2010Q4,FRANCE,93.8,609680,187621,147941,337765,133375,0.7219
2010.25,2010Q1,FRANCE,94.1,614284,139693,148319,340966,134500,0.6621
2010.5,2010Q2,FRANCE,94.6,619953,167793,149065,343316,136686,0.6863
2010.75,2010Q3,FRANCE,95.2,626304,161921,150065,346034,138740,0.8749
2011,2011Q4,FRANCE,95.8,721747,212487,172096,400020,160470,1.0205
2011.25,2011Q1,FRANCE,96.8,730351,171653,173256,405893,161883,1.0931
2011.5,2011Q2,FRANCE,96.9,732297,201559,173956,402547,163937,1.4116
2011.75,2011Q3,FRANCE,97.1,736237,199474,175044,403664,165056,1.5621
2012,2012Q4,FRANCE,97.4,647661,201204,153896,353086,146934,1.4956
2012.25,2012Q1,FRANCE,97.5,650423,156218,155039,356481,147124,1.043
2012.5,2012Q2,FRANCE,97.3,651589,184013,155956,356489,146543,0.696
2012.75,2012Q3,FRANCE,97.5,654484,180739,156858,356698,146571,0.3586
2013,2013Q4,FRANCE,97.4,654924,214958,157541,358044,146410,0.1951
2013.25,2013Q1,FRANCE,97.4,656835,162559,158234,360070,145429,0.2115
2013.5,2013Q2,FRANCE,98,662275,195033,159303,360945,145750,0.2068
2013.75,2013Q3,FRANCE,98.1,662630,193511,160019,361568,145831,0.2235
2014,2014Q4,FRANCE,98.5,665926,213241,160679,363969,147069,0.2409
2014.25,2014Q1,FRANCE,98.7,669056,169651,161401,363065,147290,0.2951
2014.5,2014Q2,FRANCE,98.7,669763,198838,161718,364263,146621,0.2986
2014.75,2014Q3,FRANCE,99.2,673341,188095,162333,365824,146855,0.1646
2015,2015Q4,FRANCE,99.3,601809,195802,144890,326322,129934,0.0815
2015.25,2015Q1,FRANCE,99.8,607592,152633,145071,328151,130826,0.046
2015.5,2015Q2,FRANCE,99.8,608351,177290,145283,330341,129816,-0.0065
2015.75,2015Q3,FRANCE,100.1,612373,174843,145454,331327,131271,-0.0278
2016,2016Q4,FRANCE,100.2,614233,204390,145730,330969,133226,-0.0892
2016.25,2016Q1,FRANCE,100.9,619909,156774,146219,334212,134471,-0.1861
2016.5,2016Q2,FRANCE,100.7,617704,182266,146572,335790,134384,-0.2581
2016.75,2016Q3,FRANCE,100.9,619440,177956,147753,335977,135083,-0.2981
2017,2017Q4,FRANCE,101.5,623430,203701,148547,339530,136910,-0.3125
2017.25,2017Q1,FRANCE,102.3,630226,163422,149752,342496,141070,-0.3278
2017.5,2017Q2,FRANCE,103.1,636049,190980,150628,343300,142746,-0.33
2017.75,2017Q3,FRANCE,103.8,641027,186116,151446,345613,144520,-0.3296
2018,2018Q4,FRANCE,104.7,727516,243571,170900,390994,164741,-0.3288
2018.25,2018Q1,FRANCE,104.8,731634,197445,171018,394929,165625,-0.3283
2018.5,2018Q2,FRANCE,105,734813,222173,171521,396011,167840,-0.3252
2018.75,2018Q3,FRANCE,105.4,739995,220311,171831,398480,170584,-0.3195
2019,2019Q4,FRANCE,106.1,663614,225044,153556,356256,153451,-0.3153
2019.25,2019Q1,FRANCE,106.7,669710,174590,154313,358728,155824,-0.3085
2019.5,2019Q2,FRANCE,106.9,673282,204103,155212,361153,158861,-0.3171
2019.75,2019Q3,FRANCE,107.1,676276,203520,156183,363279,161050,-0.3967
2020,2020Q4,FRANCE,106.9,,,,,,-0.403
2020.25,2020Q1,FRANCE,100.6,,,,,,-0.4055
2020.5,2020Q2,FRANCE,86.7,,,,,,-0.3
1961.25,1961Q1,GERMANY,,,,,,,4.1733
1961.5,1961Q2,GERMANY,,,,,,,3.2333
1961.75,1961Q3,GERMANY,,,,,,,3.1033
1962,1962Q4,GERMANY,,,,,,,3.8633
1962.25,1962Q1,GERMANY,,,,,,,2.9633
1962.5,1962Q2,GERMANY,,,,,,,3.0967
1962.75,1962Q3,GERMANY,,,,,,,3.25
1963,1963Q4,GERMANY,,,,,,,4.3767
1963.25,1963Q1,GERMANY,,,,,,,3.3767
1963.5,1963Q2,GERMANY,,,,,,,3.6633
1963.75,1963Q3,GERMANY,,,,,,,3.8467
1964,1964Q4,GERMANY,,,,,,,5.0367
1964.25,1964Q1,GERMANY,,,,,,,3.3733
1964.5,1964Q2,GERMANY,,,,,,,3.6633
1964.75,1964Q3,GERMANY,,,,,,,3.8933
1965,1965Q4,GERMANY,,,,,,,5.4267
1965.25,1965Q1,GERMANY,,,,,,,4.0367
1965.5,1965Q2,GERMANY,,,,,,,4.67
1965.75,1965Q3,GERMANY,,,,,,,5.2367
1966,1966Q4,GERMANY,,,,,,,6.5967
1966.25,1966Q1,GERMANY,,,,,,,5.4267
1966.5,1966Q2,GERMANY,,,,,,,6.4567
1966.75,1966Q3,GERMANY,,,,,,,6.8967
1967,1967Q4,GERMANY,,,,,,,7.7267
1967.25,1967Q1,GERMANY,,,,,,,5.43
1967.5,1967Q2,GERMANY,,,,,,,4.05
1967.75,1967Q3,GERMANY,,,,,,,3.5
1968,1968Q4,GERMANY,,,,,,,4.09
1968.25,1968Q1,GERMANY,,,,,,,3.43
1968.5,1968Q2,GERMANY,,,,,,,3.68
1968.75,1968Q3,GERMANY,,,,,,,3.56
1969,1969Q4,GERMANY,,,,,,,4.5633
1969.25,1969Q1,GERMANY,,,,,,,3.9967
1969.5,1969Q2,GERMANY,,,,,,,4.76
1969.75,1969Q3,GERMANY,,,,,,,6.4067
1970,1970Q4,GERMANY,,,,,,,7.98
1970.25,1970Q1,GERMANY,,,,,,,9.5367
1970.5,1970Q2,GERMANY,,,,,,,9.89
1970.75,1970Q3,GERMANY,,,,,,,9.37
1971,1971Q4,GERMANY,,,,,,,8.83
1971.25,1971Q1,GERMANY,,,,,,,7.4767
1971.5,1971Q2,GERMANY,,,,,,,6.44
1971.75,1971Q3,GERMANY,,,,,,,7.6033
1972,1972Q4,GERMANY,,,,,,,7.0733
1972.25,1972Q1,GERMANY,,,,,,,4.9567
1972.5,1972Q2,GERMANY,,,,,,,4.7133
1972.75,1972Q3,GERMANY,,,,,,,4.9233
1973,1973Q4,GERMANY,,,,,,,7.85
1973.25,1973Q1,GERMANY,,,,,,,8.2067
1973.5,1973Q2,GERMANY,,,,,,,12.22
1973.75,1973Q3,GERMANY,,,,,,,14.3733
1974,1974Q4,GERMANY,,,,,,,13.77
1974.25,1974Q1,GERMANY,,,,,,,11.32
1974.5,1974Q2,GERMANY,,,,,,,9.5433
1974.75,1974Q3,GERMANY,,,,,,,9.6067
1975,1975Q4,GERMANY,,,,,,,9.14
1975.25,1975Q1,GERMANY,,,,,,,6.6267
1975.5,1975Q2,GERMANY,,,,,,,4.92
1975.75,1975Q3,GERMANY,,,,,,,4.1567
1976,1976Q4,GERMANY,,,,,,,4.1333
1976.25,1976Q1,GERMANY,,,,,,,3.7967
1976.5,1976Q2,GERMANY,,,,,,,3.8433
1976.75,1976Q3,GERMANY,,,,,,,4.53
1977,1977Q4,GERMANY,,,,,,,4.8233
1977.25,1977Q1,GERMANY,,,,,,,4.74
1977.5,1977Q2,GERMANY,,,,,,,4.4467
1977.75,1977Q3,GERMANY,,,,,,,4.1867
1978,1978Q4,GERMANY,,,,,,,4.0867
1978.25,1978Q1,GERMANY,,,,,,,3.5167
1978.5,1978Q2,GERMANY,,,,,,,3.6133
1978.75,1978Q3,GERMANY,,,,,,,3.7167
1979,1979Q4,GERMANY,,,,,,,3.9533
1979.25,1979Q1,GERMANY,,,,,,,4.17
1979.5,1979Q2,GERMANY,,,,,,,5.9733
1979.75,1979Q3,GERMANY,,,,,,,7.2733
1980,1980Q4,GERMANY,,,,,,,9.33
1980.25,1980Q1,GERMANY,,,,,,,9.1567
1980.5,1980Q2,GERMANY,,,,,,,10.1967
1980.75,1980Q3,GERMANY,,,,,,,9.2167
1981,1981Q4,GERMANY,,,,,,,9.5767
1981.25,1981Q1,GERMANY,,,,,,,11.2467
1981.5,1981Q2,GERMANY,,,,,,,13.16
1981.75,1981Q3,GERMANY,,,,,,,12.7867
1982,1982Q4,GERMANY,,,,,,,11.2267
1982.25,1982Q1,GERMANY,,,,,,,10.2
1982.5,1982Q2,GERMANY,,,,,,,9.2633
1982.75,1982Q3,GERMANY,,,,,,,8.88
1983,1983Q4,GERMANY,,,,,,,7.17
1983.25,1983Q1,GERMANY,,,,,,,5.7
1983.5,1983Q2,GERMANY,,,,,,,5.3667
1983.75,1983Q3,GERMANY,,,,,,,5.72
1984,1984Q4,GERMANY,,,,,,,6.32
1984.25,1984Q1,GERMANY,,,,,,,5.9767
1984.5,1984Q2,GERMANY,,,,,,,6.0233
1984.75,1984Q3,GERMANY,,,,,,,5.99
1985,1985Q4,GERMANY,,,,,,,5.9533
1985.25,1985Q1,GERMANY,,,,,,,6.14
1985.5,1985Q2,GERMANY,,,,,,,5.8467
1985.75,1985Q3,GERMANY,,,,,,,4.9467
1986,1986Q4,GERMANY,,,,,,,4.86
1986.25,1986Q1,GERMANY,,,,,,,4.6067
1986.5,1986Q2,GERMANY,,,,,,,4.6
1986.75,1986Q3,GERMANY,,,,,,,4.5967
1987,1987Q4,GERMANY,,,,,,,4.7367
1987.25,1987Q1,GERMANY,,,,,,,4.2033
1987.5,1987Q2,GERMANY,,,,,,,3.8167
1987.75,1987Q3,GERMANY,,,,,,,3.9667
1988,1988Q4,GERMANY,,,,,,,4.1433
1988.25,1988Q1,GERMANY,,,,,,,3.4233
1988.5,1988Q2,GERMANY,,,,,,,3.6467
1988.75,1988Q3,GERMANY,,,,,,,5.1067
1989,1989Q4,GERMANY,,,,,,,5.1467
1989.25,1989Q1,GERMANY,,,,,,,6.2667
1989.5,1989Q2,GERMANY,,,,,,,6.84
1989.75,1989Q3,GERMANY,,,,,,,7.19
1990,1990Q4,GERMANY,,,,,,,8.1767
1990.25,1990Q1,GERMANY,,,,,,,8.3633
1990.5,1990Q2,GERMANY,,,,,,,8.3
1990.75,1990Q3,GERMANY,,,,,,,8.3933
1991,1991Q4,GERMANY,,,,,,,8.8967
1991.25,1991Q1,GERMANY,73.7,485705,,86598,270644,128545,9.1733
1991.5,1991Q2,GERMANY,73.3,493578,,93113,277244,129176,9.1067
1991.75,1991Q3,GERMANY,73.1,495845,,93346,276515,127653,9.2433
1992,1992Q4,GERMANY,74.1,513204,,97168,288008,129473,9.4633
1992.25,1992Q1,GERMANY,75.2,525738,,97716,291385,138396,9.6133
1992.5,1992Q2,GERMANY,74.6,528824,,101113,294640,137259,9.7633
1992.75,1992Q3,GERMANY,74.5,532545,,104034,296774,131019,9.72
1993,1993Q4,GERMANY,74.3,538035,,106080,307708,129911,8.9733
1993.25,1993Q1,GERMANY,73.7,538658,,103519,304583,128525,8.3233
1993.5,1993Q2,GERMANY,73.7,545263,,106494,307615,131741,7.6767
1993.75,1993Q3,GERMANY,74.1,548924,,106363,311110,132954,6.8267
1994,1994Q4,GERMANY,74.1,552918,,107161,316704,128391,6.3533
1994.25,1994Q1,GERMANY,75.1,563744,,108914,319153,133584,5.88
1994.5,1994Q2,GERMANY,75.3,566248,,109656,316703,137026,5.2867
1994.75,1994Q3,GERMANY,75.8,573183,,110463,322116,140853,5.0133
1995,1995Q4,GERMANY,76.7,665679,,128763,372310,166109,5.2767
1995.25,1995Q1,GERMANY,76.4,666733,,127927,371623,164166,5.11
1995.5,1995Q2,GERMANY,77,676936,,130687,378381,165949,4.6
1995.75,1995Q3,GERMANY,77.2,681133,,133090,379797,166013,4.4033
1996,1996Q4,GERMANY,77.2,596871,,117274,334280,142014,4.0133
1996.25,1996Q1,GERMANY,76.5,592249,,117010,335390,136174,3.44
1996.5,1996Q2,GERMANY,77.6,599756,,118018,337576,141606,3.3367
1996.75,1996Q3,GERMANY,77.9,603038,,119171,338690,139781,3.2633
1997,1997Q4,GERMANY,78.4,540263,,105994,302661,126647,3.18
1997.25,1997Q1,GERMANY,78,537950,,106016,304379,125388,3.1967
1997.5,1997Q2,GERMANY,79,543306,,106351,305296,126419,3.18
1997.75,1997Q3,GERMANY,79.3,548396,,105026,306368,129269,3.2367
1998,1998Q4,GERMANY,79.9,552017,,104361,309734,129373,3.6867
1998.25,1998Q1,GERMANY,80.6,557527,,106321,308668,135632,3.5333
1998.5,1998Q2,GERMANY,80.3,557483,,107236,308737,134399,3.6067
1998.75,1998Q3,GERMANY,80.7,560851,,107012,312612,134599,3.51
1999,1999Q4,GERMANY,80.3,560020,,106896,315619,131060,3.5267
1999.25,1999Q1,GERMANY,81.2,566261,,109510,318870,136228,3.0907
1999.5,1999Q2,GERMANY,81.2,567302,,109873,321652,132156,2.6341
1999.75,1999Q3,GERMANY,82.2,572891,,111079,320809,138447,2.6994
2000,2000Q4,GERMANY,82.8,471536,,89969,264280,114102,3.4298
2000.25,2000Q1,GERMANY,84,476755,,91657,267251,114721,3.5423
2000.5,2000Q2,GERMANY,84.7,479776,,90885,270044,115786,4.263
2000.75,2000Q3,GERMANY,84.7,481032,,90999,270817,119797,4.7376
2001,2001Q4,GERMANY,84.4,479634,,91609,271174,119154,5.0242
2001.25,2001Q1,GERMANY,86.1,492246,,92986,277452,116596,4.745
2001.5,2001Q2,GERMANY,86.1,492109,,92725,278334,115619,4.5908
2001.75,2001Q3,GERMANY,85.9,494667,,93102,279475,113270,4.2678
2002,2002Q4,GERMANY,85.8,498334,,95435,280602,109047,3.4435
2002.25,2002Q1,GERMANY,85.4,496579,101878,95083,277884,104735,3.3622
2002.5,2002Q2,GERMANY,85.7,496902,105465,95411,276578,104878,3.446
2002.75,2002Q3,GERMANY,86.2,503933,102694,96029,279007,104979,3.3573
2003,2003Q4,GERMANY,86,615830,146677,119509,344128,124369,3.1088
2003.25,2003Q1,GERMANY,84.8,610024,127411,117656,346353,127630,2.6831
2003.5,2003Q2,GERMANY,84.9,611262,133504,117524,345733,126713,2.3619
2003.75,2003Q3,GERMANY,85.5,618981,123978,120326,347837,123709,2.1392
2004,2004Q4,GERMANY,85.7,698036,165476,134305,392684,141556,2.1496
2004.25,2004Q1,GERMANY,85.6,699966,145114,132630,393635,136860,2.0629
2004.5,2004Q2,GERMANY,86,707515,149808,133020,395601,136906,2.0825
2004.75,2004Q3,GERMANY,85.9,706151,140138,133964,395346,144123,2.1163
2005,2005Q4,GERMANY,85.8,704898,162558,132570,399341,140018,2.1636
2005.25,2005Q1,GERMANY,85.8,706463,148896,132803,401805,130188,2.1403
2005.5,2005Q2,GERMANY,86.2,710681,150575,134639,402114,138616,2.1246
2005.75,2005Q3,GERMANY,87,716959,145089,134868,404570,139714,2.1303
2006,2006Q4,GERMANY,87.4,721533,168140,134755,407056,147620,2.3435
2006.25,2006Q1,GERMANY,88.2,727236,157478,136354,410413,147569,2.6116
2006.5,2006Q2,GERMANY,89.7,742860,163888,136118,413248,155964,2.8895
2006.75,2006Q3,GERMANY,90.4,748794,156560,136448,414484,157448,3.2214
2007,2007Q4,GERMANY,91.8,871874,207066,157137,482840,173659,3.5945
2007.25,2007Q1,GERMANY,91.9,879916,199566,158127,473606,194150,3.8203
2007.5,2007Q2,GERMANY,92.6,890289,207331,158826,481424,187871,4.0648
2007.75,2007Q3,GERMANY,93.1,897854,192707,159051,485081,189803,4.5005
2008,2008Q4,GERMANY,93.7,907076,221054,161561,489051,192670,4.7248
2008.25,2008Q1,GERMANY,94.3,912367,208674,163321,488619,198297,4.48
2008.5,2008Q2,GERMANY,94.1,912730,216721,166707,492136,191613,4.8605
2008.75,2008Q3,GERMANY,93.5,908987,200743,165824,496110,197540,4.9818
2009,2009Q4,GERMANY,92,898276,221661,168256,493724,191543,4.2147
2009.25,2009Q1,GERMANY,87.7,862326,203533,172424,494204,165046,2.0117
2009.5,2009Q2,GERMANY,87.8,866953,203846,174149,494664,155421,1.3106
2009.75,2009Q3,GERMANY,88.3,876186,186546,176393,491310,163503,0.8692
2010,2010Q4,GERMANY,89,774450,182806,153584,430409,141979,0.7219
2010.25,2010Q1,GERMANY,89.7,781294,166188,156773,433891,151854,0.6621
2010.5,2010Q2,GERMANY,91.7,794299,182080,155356,440350,160556,0.6863
2010.75,2010Q3,GERMANY,92.5,807054,166220,157233,443174,163233,0.8749
2011,2011Q4,GERMANY,93.2,931896,217506,180271,510971,189101,1.0205
2011.25,2011Q1,GERMANY,95,950206,211699,182081,517349,203873,1.0931
2011.5,2011Q2,GERMANY,95.1,954664,224631,183390,519106,210507,1.4116
2011.75,2011Q3,GERMANY,95.9,966704,201671,183379,525099,210299,1.5621
2012,2012Q4,GERMANY,95.6,848874,199491,161833,462838,181386,1.4956
2012.25,2012Q1,GERMANY,95.8,850744,194453,163459,467309,171660,1.043
2012.5,2012Q2,GERMANY,96,854726,201611,165133,469370,167971,0.696
2012.75,2012Q3,GERMANY,96.3,862899,189278,165689,471626,168203,0.3586
2013,2013Q4,GERMANY,95.9,864381,204786,167233,474798,169758,0.1951
2013.25,2013Q1,GERMANY,95.4,865530,197084,170565,476134,169065,0.2115
2013.5,2013Q2,GERMANY,96.5,877383,210573,171029,478804,178944,0.2068
2013.75,2013Q3,GERMANY,97,885990,194764,173750,481801,180886,0.2235
2014,2014Q4,GERMANY,97.3,890581,211250,174525,482365,176825,0.2409
2014.25,2014Q1,GERMANY,98.2,906780,203779,176756,485879,187911,0.2951
2014.5,2014Q2,GERMANY,98.2,911610,215310,178333,485834,190214,0.2986
2014.75,2014Q3,GERMANY,98.7,918190,201243,180316,490990,183900,0.1646
2015,2015Q4,GERMANY,99.5,824710,196388,161256,439387,164250,0.0815
2015.25,2015Q1,GERMANY,99,828321,191529,162241,439778,165251,0.046
2015.5,2015Q2,GERMANY,99.7,837574,199156,164471,444288,162431,-0.0065
2015.75,2015Q3,GERMANY,100.2,843848,188410,166307,447346,165744,-0.0278
2016,2016Q4,GERMANY,100.6,848998,203336,169102,449756,168160,-0.0892
2016.25,2016Q1,GERMANY,101.5,861141,201341,170883,452836,174633,-0.1861
2016.5,2016Q2,GERMANY,101.9,866967,208496,172926,456188,170222,-0.2581
2016.75,2016Q3,GERMANY,102.2,871147,195669,174169,460297,172509,-0.2981
2017,2017Q4,GERMANY,102.5,877058,215153,175190,464460,178096,-0.3125
2017.25,2017Q1,GERMANY,103.8,889391,213157,177097,467872,183579,-0.3278
2017.5,2017Q2,GERMANY,104.5,900417,216511,179062,470991,188867,-0.33
2017.75,2017Q3,GERMANY,105.4,912563,205187,180497,476086,189132,-0.3296
2018,2018Q4,GERMANY,106.3,1038968,251625,206470,540056,218910,-0.3288
2018.25,2018Q1,GERMANY,106.1,1038840,249118,206334,543986,214844,-0.3283
2018.5,2018Q2,GERMANY,106.6,1049289,260745,209204,546820,221695,-0.3252
2018.75,2018Q3,GERMANY,106.2,1050080,240531,209893,549391,233285,-0.3195
2019,2019Q4,GERMANY,106.6,944688,230451,188892,493566,211116,-0.3153
2019.25,2019Q1,GERMANY,107.2,952412,226979,192130,497870,205841,-0.3085
2019.5,2019Q2,GERMANY,106.7,954149,238559,193837,501459,208439,-0.3171
2019.75,2019Q3,GERMANY,107,962772,220954,197499,504303,201514,-0.3967
2020,2020Q4,GERMANY,107,,,,,,-0.403
2020.25,2020Q1,GERMANY,104.8,,,,,,-0.4055
2020.5,2020Q2,GERMANY,94.7,,,,,,-0.3
1961.25,1961Q1,ITALY,,,,,,,
1961.5,1961Q2,ITALY,,,,,,,
1961.75,1961Q3,ITALY,,,,,,,
1962,1962Q4,ITALY,,,,,,,
1962.25,1962Q1,ITALY,,,,,,,
1962.5,1962Q2,ITALY,,,,,,,
1962.75,1962Q3,ITALY,,,,,,,
1963,1963Q4,ITALY,,,,,,,
1963.25,1963Q1,ITALY,,,,,,,
1963.5,1963Q2,ITALY,,,,,,,
1963.75,1963Q3,ITALY,,,,,,,
1964,1964Q4,ITALY,,,,,,,
1964.25,1964Q1,ITALY,,,,,,,
1964.5,1964Q2,ITALY,,,,,,,
1964.75,1964Q3,ITALY,,,,,,,
1965,1965Q4,ITALY,,,,,,,
1965.25,1965Q1,ITALY,,,,,,,
1965.5,1965Q2,ITALY,,,,,,,
1965.75,1965Q3,ITALY,,,,,,,
1966,1966Q4,ITALY,,,,,,,
1966.25,1966Q1,ITALY,,,,,,,
1966.5,1966Q2,ITALY,,,,,,,
1966.75,1966Q3,ITALY,,,,,,,
1967,1967Q4,ITALY,,,,,,,
1967.25,1967Q1,ITALY,,,,,,,
1967.5,1967Q2,ITALY,,,,,,,
1967.75,1967Q3,ITALY,,,,,,,
1968,1968Q4,ITALY,,,,,,,
1968.25,1968Q1,ITALY,,,,,,,
1968.5,1968Q2,ITALY,,,,,,,
1968.75,1968Q3,ITALY,,,,,,,
1969,1969Q4,ITALY,,,,,,,
1969.25,1969Q1,ITALY,,,,,,,
1969.5,1969Q2,ITALY,,,,,,,
1969.75,1969Q3,ITALY,,,,,,,
1970,1970Q4,ITALY,,,,,,,
1970.25,1970Q1,ITALY,,,,,,,
1970.5,1970Q2,ITALY,,,,,,,
1970.75,1970Q3,ITALY,,,,,,,
1971,1971Q4,ITALY,,,,,,,
1971.25,1971Q1,ITALY,,,,,,,
1971.5,1971Q2,ITALY,,,,,,,
1971.75,1971Q3,ITALY,,,,,,,
1972,1972Q4,ITALY,,,,,,,
1972.25,1972Q1,ITALY,,,,,,,
1972.5,1972Q2,ITALY,,,,,,,
1972.75,1972Q3,ITALY,,,,,,,
1973,1973Q4,ITALY,,,,,,,
1973.25,1973Q1,ITALY,,,,,,,
1973.5,1973Q2,ITALY,,,,,,,
1973.75,1973Q3,ITALY,,,,,,,
1974,1974Q4,ITALY,,,,,,,
1974.25,1974Q1,ITALY,,,,,,,
1974.5,1974Q2,ITALY,,,,,,,
1974.75,1974Q3,ITALY,,,,,,,
1975,1975Q4,ITALY,,,,,,,
1975.25,1975Q1,ITALY,,,,,,,
1975.5,1975Q2,ITALY,,,,,,,
1975.75,1975Q3,ITALY,,,,,,,
1976,1976Q4,ITALY,,,,,,,
1976.25,1976Q1,ITALY,,,,,,,
1976.5,1976Q2,ITALY,,,,,,,
1976.75,1976Q3,ITALY,,,,,,,
1977,1977Q4,ITALY,,,,,,,
1977.25,1977Q1,ITALY,,,,,,,
1977.5,1977Q2,ITALY,,,,,,,
1977.75,1977Q3,ITALY,,,,,,,
1978,1978Q4,ITALY,,,,,,,
1978.25,1978Q1,ITALY,,,,,,,
1978.5,1978Q2,ITALY,,,,,,,
1978.75,1978Q3,ITALY,,,,,,,
1979,1979Q4,ITALY,,,,,,,11.4833
1979.25,1979Q1,ITALY,,,,,,,11.3617
1979.5,1979Q2,ITALY,,,,,,,11.3539
1979.75,1979Q3,ITALY,,,,,,,11.3561
1980,1980Q4,ITALY,,,,,,,13.0044
1980.25,1980Q1,ITALY,,,,,,,16.4094
1980.5,1980Q2,ITALY,,,,,,,16.6078
1980.75,1980Q3,ITALY,,,,,,,16.7672
1981,1981Q4,ITALY,,,,,,,17.3955
1981.25,1981Q1,ITALY,67.3,,,,,,17.4133
1981.5,1981Q2,ITALY,67.4,,,,,,19.5611
1981.75,1981Q3,ITALY,67.5,,,,,,19.6945
1982,1982Q4,ITALY,68,,,,,,20.2578
1982.25,1982Q1,ITALY,68,,,,,,20.4756
1982.5,1982Q2,ITALY,67.8,,,,,,20.4728
1982.75,1982Q3,ITALY,67.8,,,,,,19.7633
1983,1983Q4,ITALY,67.6,,,,,,18.9094
1983.25,1983Q1,ITALY,67.7,,,,,,19.1106
1983.5,1983Q2,ITALY,67.7,,,,,,18.295
1983.75,1983Q3,ITALY,68.9,,,,,,17.8689
1984,1984Q4,ITALY,70.5,,,,,,17.96
1984.25,1984Q1,ITALY,70.3,,,,,,17.7594
1984.5,1984Q2,ITALY,70.5,,,,,,17.1033
1984.75,1984Q3,ITALY,71.4,,,,,,16.9033
1985,1985Q4,ITALY,71.4,,,,,,17.3078
1985.25,1985Q1,ITALY,71.8,,,,,,16.1622
1985.5,1985Q2,ITALY,72.7,,,,,,15.4705
1985.75,1985Q3,ITALY,73.3,,,,,,14.6994
1986,1986Q4,ITALY,73.8,,,,,,14.6555
1986.25,1986Q1,ITALY,74.3,,,,,,16.4467
1986.5,1986Q2,ITALY,74.8,,,,,,13.8061
1986.75,1986Q3,ITALY,75.5,,,,,,11.955
1987,1987Q4,ITALY,75.8,,,,,,11.3656
1987.25,1987Q1,ITALY,76.1,,,,,,11.9856
1987.5,1987Q2,ITALY,77.3,,,,,,10.7955
1987.75,1987Q3,ITALY,77.5,,,,,,11.53
1988,1988Q4,ITALY,78.3,,,,,,11.0233
1988.25,1988Q1,ITALY,79.5,,,,,,10.6717
1988.5,1988Q2,ITALY,80,,,,,,10.5622
1988.75,1988Q3,ITALY,81,,,,,,10.7489
1989,1989Q4,ITALY,82,,,,,,11.2878
1989.25,1989Q1,ITALY,82.5,,,,,,12.4485
1989.5,1989Q2,ITALY,82.9,,,,,,12.6597
1989.75,1989Q3,ITALY,83.7,,,,,,12.6546
1990,1990Q4,ITALY,84.6,,,,,,12.7177
1990.25,1990Q1,ITALY,84.9,,,,,,12.9127
1990.5,1990Q2,ITALY,85.2,,,,,,12.03
1990.75,1990Q3,ITALY,85.3,,,,,,11.35
1991,1991Q4,ITALY,84.8,,,,,,12.6267
1991.25,1991Q1,ITALY,86.4,,,,,,13.1833
1991.5,1991Q2,ITALY,86,,,,,,11.7233
1991.75,1991Q3,ITALY,86,,,,,,11.8433
1992,1992Q4,ITALY,87,,,,,,12.0833
1992.25,1992Q1,ITALY,87.2,,,,,,12.22
1992.5,1992Q2,ITALY,87.2,,,,,,12.76
1992.75,1992Q3,ITALY,87,,,,,,16.43
1993,1993Q4,ITALY,86.4,,,,,,14.6433
1993.25,1993Q1,ITALY,86.3,,,,,,11.84
1993.5,1993Q2,ITALY,86.1,,,,,,10.8367
1993.75,1993Q3,ITALY,85.9,,,,,,9.3267
1994,1994Q4,ITALY,86.6,,,,,,8.7933
1994.25,1994Q1,ITALY,87.2,,,,,,8.43
1994.5,1994Q2,ITALY,87.9,,,,,,8.01
1994.75,1994Q3,ITALY,88.4,,,,,,8.7067
1995,1995Q4,ITALY,89.2,,,,,,8.8833
1995.25,1995Q1,ITALY,90.4,299257,,52875,176398,58278,9.7433
1995.5,1995Q2,ITALY,90.4,305718,,53311,179895,61065,10.7867
1995.75,1995Q3,ITALY,90.8,312448,,53944,184172,63908,10.61
1996,1996Q4,ITALY,91.6,319885,,55242,186505,66253,10.6867
1996.25,1996Q1,ITALY,91.7,323024,,56242,188826,65121,9.95
1996.5,1996Q2,ITALY,91.7,326425,,57258,190449,63086,9.1033
1996.75,1996Q3,ITALY,91.8,328526,,57868,191522,62997,8.6667
1997,1997Q4,ITALY,91.5,292503,,52390,172379,54708,7.56
1997.25,1997Q1,ITALY,91.9,296792,,53307,173713,57332,7.34
1997.5,1997Q2,ITALY,93.1,301511,,53506,178498,57960,6.9467
1997.75,1997Q3,ITALY,93.7,305734,,54223,181455,59408,6.81
1998,1998Q4,ITALY,95.3,310777,,53586,183647,62881,6.4067
1998.25,1998Q1,ITALY,94.7,312428,,54930,185840,61473,5.9467
1998.5,1998Q2,ITALY,95.2,316432,,55479,187999,62096,5.1533
1998.75,1998Q3,ITALY,95.3,316782,,55346,189921,61649,4.9133
1999,1999Q4,ITALY,94.9,318863,,56049,191802,63454,3.9533
1999.25,1999Q1,ITALY,95.5,321070,66714,56437,192451,65471,3.0907
1999.5,1999Q2,ITALY,95.9,322989,92360,56685,195700,64345,2.6341
1999.75,1999Q3,ITALY,96.6,326985,87949,57402,198912,65518,2.6994
2000,2000Q4,ITALY,98.1,272541,106975,47940,165475,55079,3.4298
2000.25,2000Q1,ITALY,99.2,276467,62566,48681,166730,57063,3.5423
2000.5,2000Q2,ITALY,99.9,280700,77078,49378,169844,59630,4.263
2000.75,2000Q3,ITALY,100.6,283445,74406,50646,171974,59040,4.7376
2001,2001Q4,ITALY,102,289585,104560,51472,174716,61698,5.0242
2001.25,2001Q1,ITALY,102.6,293029,55767,53138,175071,60616,4.745
2001.5,2001Q2,ITALY,102.3,295374,81945,54053,176463,61480,4.5908
2001.75,2001Q3,ITALY,102,297150,80529,54731,176337,63585,4.2678
2002,2002Q4,ITALY,102,299623,115307,56222,177447,61061,3.4435
2002.25,2002Q1,ITALY,101.9,302709,58106,56175,179021,64017,3.3622
2002.5,2002Q2,ITALY,102.4,305440,83901,56544,180339,66010,3.446
2002.75,2002Q3,ITALY,102.6,308750,77276,58112,182005,65671,3.3573
2003,2003Q4,ITALY,103,379064,146947,69450,225415,83299,3.1088
2003.25,2003Q1,ITALY,102.6,381785,70938,71548,227536,82505,2.6831
2003.5,2003Q2,ITALY,102.5,385594,118256,72686,229230,83673,2.3619
2003.75,2003Q3,ITALY,102.4,391203,97014,76495,231073,80270,2.1392
2004,2004Q4,ITALY,103.3,440775,162029,82490,261442,92861,2.1496
2004.25,2004Q1,ITALY,103.7,446638,81846,85433,264304,94342,2.0629
2004.5,2004Q2,ITALY,104,453924,129408,88333,266826,95346,2.0825
2004.75,2004Q3,ITALY,104,453669,108714,86338,268599,95393,2.1163
2005,2005Q4,ITALY,104.2,458451,170858,87714,271372,98670,2.1636
2005.25,2005Q1,ITALY,104.1,459025,86959,89553,271495,96909,2.1403
2005.5,2005Q2,ITALY,104.8,463637,122386,89723,275509,98383,2.1246
2005.75,2005Q3,ITALY,105.5,468911,115474,91143,279296,99473,2.1303
2006,2006Q4,ITALY,105.6,476056,176155,95793,281156,100746,2.3435
2006.25,2006Q1,ITALY,105.9,476060,92486,93427,284040,103425,2.6116
2006.5,2006Q2,ITALY,106.6,483346,142235,95139,286385,105755,2.8895
2006.75,2006Q3,ITALY,107.1,488029,122363,95365,289798,108044,3.2214
2007,2007Q4,ITALY,108.3,566549,217824,107681,333748,127426,3.5945
2007.25,2007Q1,ITALY,108.3,568674,110274,107250,336570,127235,3.8203
2007.5,2007Q2,ITALY,108.4,571816,166804,107780,340171,125220,4.0648
2007.75,2007Q3,ITALY,108.6,578640,153997,108672,341918,130147,4.5005
2008,2008Q4,ITALY,108.3,587263,233813,115249,343941,130060,4.7248
2008.25,2008Q1,ITALY,109.4,589826,115327,112273,346796,131828,4.48
2008.5,2008Q2,ITALY,108.4,591750,163637,115519,348933,131111,4.8605
2008.75,2008Q3,ITALY,107.1,585224,156243,114656,349809,128555,4.9818
2009,2009Q4,ITALY,104.5,572190,224479,115171,344891,117772,4.2147
2009.25,2009Q1,ITALY,101.6,562287,109074,115997,338005,113592,2.0117
2009.5,2009Q2,ITALY,101.3,560296,157969,115340,338991,108356,1.3106
2009.75,2009Q3,ITALY,101.7,562977,149241,118038,340920,106495,0.8692
2010,2010Q4,ITALY,102.1,495316,192556,101990,300978,95575,0.7219
2010.25,2010Q1,ITALY,102.4,496394,99546,102595,302152,99364,0.6621
2010.5,2010Q2,ITALY,103.1,501642,138345,104162,303960,102407,0.6863
2010.75,2010Q3,ITALY,103.6,504580,134536,104241,307285,102090,0.8749
2011,2011Q4,ITALY,104.3,582078,221800,117669,354255,123940,1.0205
2011.25,2011Q1,ITALY,104.6,588363,122367,117384,357574,126641,1.0931
2011.5,2011Q2,ITALY,104.7,589797,156244,116620,360931,121559,1.4116
2011.75,2011Q3,ITALY,104.2,590038,157751,116272,361787,119328,1.5621
2012,2012Q4,ITALY,103.3,514381,198573,101906,314332,100163,1.4956
2012.25,2012Q1,ITALY,102.2,510199,109161,101359,312264,95994,1.043
2012.5,2012Q2,ITALY,101.4,508499,144859,100695,312220,90416,0.696
2012.75,2012Q3,ITALY,100.8,506736,146073,100575,310344,88723,0.3586
2013,2013Q4,ITALY,100,504910,209124,99563,309740,86250,0.1951
2013.25,2013Q1,ITALY,99.2,500986,107924,100179,307051,82518,0.2115
2013.5,2013Q2,ITALY,99.2,503759,153834,99973,306303,84709,0.2068
2013.75,2013Q3,ITALY,99.3,505180,136105,99456,307395,85926,0.2235
2014,2014Q4,ITALY,99.2,505508,207605,99694,307018,85979,0.2409
2014.25,2014Q1,ITALY,99.3,508166,110189,99242,307287,87600,0.2951
2014.5,2014Q2,ITALY,99.3,507406,149745,99206,307237,88075,0.2986
2014.75,2014Q3,ITALY,99.4,508746,140789,99320,308332,87128,0.1646
2015,2015Q4,ITALY,99.2,454187,184472,88628,275453,74244,0.0815
2015.25,2015Q1,ITALY,99.4,455232,100189,87740,276094,77313,0.046
2015.5,2015Q2,ITALY,99.8,458118,133571,87706,279561,77831,-0.0065
2015.75,2015Q3,ITALY,100,461184,127918,88139,280485,79753,-0.0278
2016,2016Q4,ITALY,100.5,463477,183151,87908,281722,78589,-0.0892
2016.25,2016Q1,ITALY,100.8,468619,103014,88947,281629,82739,-0.1861
2016.5,2016Q2,ITALY,101,469531,135854,89741,281945,82202,-0.2581
2016.75,2016Q3,ITALY,101.6,472490,127503,89626,283535,83867,-0.2981
2017,2017Q4,ITALY,101.9,474351,184186,90186,285709,83770,-0.3125
2017.25,2017Q1,ITALY,102.5,477191,104869,90564,289261,82339,-0.3278
2017.5,2017Q2,ITALY,102.9,481371,138961,90503,290338,87925,-0.33
2017.75,2017Q3,ITALY,103.2,484267,126263,90909,290573,88351,-0.3296
2018,2018Q4,ITALY,103.8,549813,210074,102780,328735,103552,-0.3288
2018.25,2018Q1,ITALY,103.8,550226,121536,103297,331384,100521,-0.3283
2018.5,2018Q2,ITALY,103.8,552789,156680,105531,332164,102255,-0.3252
2018.75,2018Q3,ITALY,103.7,551164,143514,104647,333437,99868,-0.3195
2019,2019Q4,ITALY,103.9,491692,186118,93396,297694,90377,-0.3153
2019.25,2019Q1,ITALY,104.1,495195,110511,93127,298009,89779,-0.3085
2019.5,2019Q2,ITALY,104.2,495723,139233,93281,298873,89417,-0.3171
2019.75,2019Q3,ITALY,104.2,496792,130691,93395,298978,88859,-0.3967
2020,2020Q4,ITALY,104,,,,,,-0.403
2020.25,2020Q1,ITALY,98.3,,,,,,-0.4055
2020.5,2020Q2,ITALY,85.7,,,,,,-0.3
1961.25,1961Q1,JAPAN,,,,,,,
1961.5,1961Q2,JAPAN,,,,,,,
1961.75,1961Q3,JAPAN,,,,,,,
1962,1962Q4,JAPAN,,,,,,,
1962.25,1962Q1,JAPAN,,,,,,,
1962.5,1962Q2,JAPAN,,,,,,,
1962.75,1962Q3,JAPAN,,,,,,,
1963,1963Q4,JAPAN,,,,,,,
1963.25,1963Q1,JAPAN,,,,,,,
1963.5,1963Q2,JAPAN,,,,,,,
1963.75,1963Q3,JAPAN,,,,,,,
1964,1964Q4,JAPAN,,,,,,,
1964.25,1964Q1,JAPAN,,,,,,,
1964.5,1964Q2,JAPAN,,,,,,,
1964.75,1964Q3,JAPAN,,,,,,,
1965,1965Q4,JAPAN,,,,,,,
1965.25,1965Q1,JAPAN,,,,,,,
1965.5,1965Q2,JAPAN,,,,,,,
1965.75,1965Q3,JAPAN,,,,,,,
1966,1966Q4,JAPAN,,,,,,,
1966.25,1966Q1,JAPAN,,,,,,,
1966.5,1966Q2,JAPAN,,,,,,,
1966.75,1966Q3,JAPAN,,,,,,,
1967,1967Q4,JAPAN,,,,,,,
1967.25,1967Q1,JAPAN,,,,,,,
1967.5,1967Q2,JAPAN,,,,,,,
1967.75,1967Q3,JAPAN,,,,,,,
1968,1968Q4,JAPAN,,,,,,,
1968.25,1968Q1,JAPAN,,,,,,,
1968.5,1968Q2,JAPAN,,,,,,,
1968.75,1968Q3,JAPAN,,,,,,,
1969,1969Q4,JAPAN,,,,,,,
1969.25,1969Q1,JAPAN,,,,,,,
1969.5,1969Q2,JAPAN,,,,,,,
1969.75,1969Q3,JAPAN,,,,,,,
1970,1970Q4,JAPAN,,,,,,,
1970.25,1970Q1,JAPAN,,,,,,,
1970.5,1970Q2,JAPAN,,,,,,,
1970.75,1970Q3,JAPAN,,,,,,,
1971,1971Q4,JAPAN,,,,,,,
1971.25,1971Q1,JAPAN,,,,,,,
1971.5,1971Q2,JAPAN,,,,,,,
1971.75,1971Q3,JAPAN,,,,,,,
1972,1972Q4,JAPAN,,,,,,,
1972.25,1972Q1,JAPAN,,,,,,,
1972.5,1972Q2,JAPAN,,,,,,,
1972.75,1972Q3,JAPAN,,,,,,,
1973,1973Q4,JAPAN,,,,,,,
1973.25,1973Q1,JAPAN,,,,,,,
1973.5,1973Q2,JAPAN,,,,,,,
1973.75,1973Q3,JAPAN,,,,,,,
1974,1974Q4,JAPAN,,,,,,,
1974.25,1974Q1,JAPAN,,,,,,,
1974.5,1974Q2,JAPAN,,,,,,,
1974.75,1974Q3,JAPAN,,,,,,,
1975,1975Q4,JAPAN,,,,,,,
1975.25,1975Q1,JAPAN,,,,,,,
1975.5,1975Q2,JAPAN,,,,,,,
1975.75,1975Q3,JAPAN,,,,,,,
1976,1976Q4,JAPAN,,,,,,,
1976.25,1976Q1,JAPAN,,,,,,,
1976.5,1976Q2,JAPAN,,,,,,,
1976.75,1976Q3,JAPAN,,,,,,,
1977,1977Q4,JAPAN,,,,,,,
1977.25,1977Q1,JAPAN,,,,,,,
1977.5,1977Q2,JAPAN,,,,,,,
1977.75,1977Q3,JAPAN,,,,,,,
1978,1978Q4,JAPAN,,,,,,,
1978.25,1978Q1,JAPAN,,,,,,,
1978.5,1978Q2,JAPAN,,,,,,,
1978.75,1978Q3,JAPAN,,,,,,,
1979,1979Q4,JAPAN,,,,,,,
1979.25,1979Q1,JAPAN,,,,,,,
1979.5,1979Q2,JAPAN,,,,,,,
1979.75,1979Q3,JAPAN,,,,,,,
1980,1980Q4,JAPAN,,,,,,,
1980.25,1980Q1,JAPAN,,,,,,,
1980.5,1980Q2,JAPAN,,,,,,,
1980.75,1980Q3,JAPAN,,,,,,,
1981,1981Q4,JAPAN,,,,,,,
1981.25,1981Q1,JAPAN,,,,,,,
1981.5,1981Q2,JAPAN,,,,,,,
1981.75,1981Q3,JAPAN,,,,,,,
1982,1982Q4,JAPAN,,,,,,,
1982.25,1982Q1,JAPAN,,,,,,,
1982.5,1982Q2,JAPAN,,,,,,,
1982.75,1982Q3,JAPAN,,,,,,,
1983,1983Q4,JAPAN,,,,,,,
1983.25,1983Q1,JAPAN,,,,,,,
1983.5,1983Q2,JAPAN,,,,,,,
1983.75,1983Q3,JAPAN,,,,,,,
1984,1984Q4,JAPAN,,,,,,,
1984.25,1984Q1,JAPAN,,,,,,,
1984.5,1984Q2,JAPAN,,,,,,,
1984.75,1984Q3,JAPAN,,,,,,,
1985,1985Q4,JAPAN,,,,,,,
1985.25,1985Q1,JAPAN,,,,,,,
1985.5,1985Q2,JAPAN,,,,,,,
1985.75,1985Q3,JAPAN,,,,,,,
1986,1986Q4,JAPAN,,,,,,,
1986.25,1986Q1,JAPAN,,,,,,,
1986.5,1986Q2,JAPAN,,,,,,,
1986.75,1986Q3,JAPAN,,,,,,,
1987,1987Q4,JAPAN,,,,,,,
1987.25,1987Q1,JAPAN,,,,,,,
1987.5,1987Q2,JAPAN,,,,,,,
1987.75,1987Q3,JAPAN,,,,,,,
1988,1988Q4,JAPAN,,,,,,,
1988.25,1988Q1,JAPAN,,,,,,,
1988.5,1988Q2,JAPAN,,,,,,,
1988.75,1988Q3,JAPAN,,,,,,,
1989,1989Q4,JAPAN,,,,,,,
1989.25,1989Q1,JAPAN,,,,,,,
1989.5,1989Q2,JAPAN,,,,,,,
1989.75,1989Q3,JAPAN,,,,,,,
1990,1990Q4,JAPAN,,,,,,,
1990.25,1990Q1,JAPAN,,,,,,,
1990.5,1990Q2,JAPAN,,,,,,,
1990.75,1990Q3,JAPAN,,,,,,,
1991,1991Q4,JAPAN,,,,,,,
1991.25,1991Q1,JAPAN,,,,,,,
1991.5,1991Q2,JAPAN,,,,,,,
1991.75,1991Q3,JAPAN,,,,,,,
1992,1992Q4,JAPAN,,,,,,,
1992.25,1992Q1,JAPAN,,,,,,,
1992.5,1992Q2,JAPAN,,,,,,,
1992.75,1992Q3,JAPAN,,,,,,,
1993,1993Q4,JAPAN,,,,,,,
1993.25,1993Q1,JAPAN,,,,,,,
1993.5,1993Q2,JAPAN,,,,,,,
1993.75,1993Q3,JAPAN,,,,,,,
1994,1994Q4,JAPAN,,,,,,,
1994.25,1994Q1,JAPAN,82.2,1223806,,179994,650335,366569,
1994.5,1994Q2,JAPAN,81.8,1222782,,183770,656020,358617,
1994.75,1994Q3,JAPAN,82.8,1232305,,185683,659937,365699,
1995,1995Q4,JAPAN,82.4,1334492,,203853,717362,390412,
1995.25,1995Q1,JAPAN,83.4,1343636,,206485,722494,394049,
1995.5,1995Q2,JAPAN,84.2,1354961,,207768,726003,401546,
1995.75,1995Q3,JAPAN,85.2,1371882,,210376,730402,414442,
1996,1996Q4,JAPAN,85.4,1189730,,183287,635770,360386,
1996.25,1996Q1,JAPAN,86.1,1193935,,183608,634412,367149,
1996.5,1996Q2,JAPAN,87.2,1209749,,185919,643876,376896,
1996.75,1996Q3,JAPAN,87.2,1208866,,187979,644075,373067,
1997,1997Q4,JAPAN,88.2,1097391,,169882,585161,337668,
1997.25,1997Q1,JAPAN,88.5,1100206,,171142,594485,329387,
1997.5,1997Q2,JAPAN,87.9,1104650,,172358,587781,332292,
1997.75,1997Q3,JAPAN,88.1,1105289,,171684,588849,333481,
1998,1998Q4,JAPAN,88.1,1022900,,160179,542032,304175,
1998.25,1998Q1,JAPAN,87.2,1011107,,160093,541125,293547,
1998.5,1998Q2,JAPAN,86.8,1005149,,159896,539798,286119,
1998.75,1998Q3,JAPAN,86.9,1003392,,160144,542252,282162,
1999,1999Q4,JAPAN,87.6,1164212,,188015,624319,329860,
1999.25,1999Q1,JAPAN,86.5,1142960,,187751,624285,310944,
1999.5,1999Q2,JAPAN,86.8,1142505,,188902,623970,311811,
1999.75,1999Q3,JAPAN,87.3,1141791,,188248,627577,309373,
2000,2000Q4,JAPAN,87.3,1204574,,199776,662003,324660,
2000.25,2000Q1,JAPAN,88.9,1221977,,203116,665956,332958,
2000.5,2000Q2,JAPAN,89.2,1220833,,205198,662214,333846,
2000.75,2000Q3,JAPAN,89.2,1218836,,207557,661737,332091,
2001,2001Q4,JAPAN,90.1,1088430,,184180,592858,299364,
2001.25,2001Q1,JAPAN,90.6,1095912,,186911,595947,304967,
2001.5,2001Q2,JAPAN,90.2,1082107,,188067,597605,291408,
2001.75,2001Q3,JAPAN,89.2,1067413,,189160,594831,277571,
2002,2002Q4,JAPAN,89,1028402,,184568,572680,261627,
2002.25,2002Q1,JAPAN,89.1,1031304,,188976,574132,255587,
2002.5,2002Q2,JAPAN,89.8,1028552,,185002,576786,251170,0.09
2002.75,2002Q3,JAPAN,90.1,1027655,,186148,575427,253637,0.08
2003,2003Q4,JAPAN,90.3,1112316,,200805,619626,275699,0.0867
2003.25,2003Q1,JAPAN,90.4,1105976,,200530,621538,270779,0.09
2003.5,2003Q2,JAPAN,90.9,1112855,,204196,617915,271797,0.0833
2003.75,2003Q3,JAPAN,91.3,1112824,,203174,616126,273514,0.09
2004,2004Q4,JAPAN,92.3,1196729,,214881,667150,290071,0.09
2004.25,2004Q1,JAPAN,93,1203259,,216426,666674,294664,0.0867
2004.5,2004Q2,JAPAN,93,1200018,,217124,666766,290550,0.0833
2004.75,2004Q3,JAPAN,93.5,1206030,,218082,670428,293626,0.09
2005,2005Q4,JAPAN,93.4,1183304,,215290,656640,289585,0.0933
2005.25,2005Q1,JAPAN,93.8,1183806,,214706,657427,292835,0.0933
2005.5,2005Q2,JAPAN,94.4,1186806,,215178,659646,293730,0.0833
2005.75,2005Q3,JAPAN,95.3,1193397,,215346,664295,298236,0.09
2006,2006Q4,JAPAN,95.5,1130901,,204687,629750,278398,0.0933
2006.25,2006Q1,JAPAN,95.7,1130848,,203686,634300,278580,0.113
2006.5,2006Q2,JAPAN,95.9,1130679,,203601,632708,279920,0.2533
2006.75,2006Q3,JAPAN,95.7,1126744,,203128,628738,279190,0.436
2007,2007Q4,JAPAN,97,1127565,,200176,627960,280514,0.4963
2007.25,2007Q1,JAPAN,97.7,1132791,,200442,627484,283884,0.62
2007.5,2007Q2,JAPAN,97.8,1134159,,203040,631393,278169,0.6833
2007.75,2007Q3,JAPAN,97.3,1123118,,201802,625305,271634,0.82
2008,2008Q4,JAPAN,97.8,1279960,,232761,716533,309627,0.86
2008.25,2008Q1,JAPAN,98,1280509,,233014,721625,308872,0.8467
2008.5,2008Q2,JAPAN,97.7,1273403,,230986,714893,315011,0.8467
2008.75,2008Q3,JAPAN,96.5,1248595,,229369,716075,301104,0.8567
2009,2009Q4,JAPAN,94.1,1362212,,255624,772240,343219,0.8367
2009.25,2009Q1,JAPAN,89.6,1298833,,253850,761412,293504,0.6933
2009.5,2009Q2,JAPAN,91.5,1314193,,255539,765079,283868,0.5767
2009.75,2009Q3,JAPAN,91.5,1304187,,258357,765239,268757,0.5433
2010,2010Q4,JAPAN,92.8,1399889,,276585,817991,287673,0.5
2010.25,2010Q1,JAPAN,93.6,1412007,,275159,818307,296158,0.44
2010.5,2010Q2,JAPAN,94.9,1424108,,278336,824347,299829,0.39
2010.75,2010Q3,JAPAN,96.6,1440463,,279313,829398,309948,0.3633
2011,2011Q4,JAPAN,95.8,1566610,109321,306530,901311,339220,0.34
2011.25,2011Q1,JAPAN,94.4,1541999,156143,309873,885742,338521,0.3387
2011.5,2011Q2,JAPAN,93.8,1518698,192631,310716,890403,334239,0.3324
2011.75,2011Q3,JAPAN,96.2,1551562,67251,311441,902976,343389,0.33
2012,2012Q4,JAPAN,96,1548789,124983,311826,908313,346683,0.3293
2012.25,2012Q1,JAPAN,97.2,1569753,147849,315836,913472,356315,0.3314
2012.5,2012Q2,JAPAN,96.5,1548963,2382,311945,910664,350038,0.3326
2012.75,2012Q3,JAPAN,96.1,1540834,86014,313792,903065,349856,0.3273
2013,2013Q4,JAPAN,96.3,1262734,89374,257872,743856,285712,0.3176
2013.25,2013Q1,JAPAN,97.5,1276739,122659,258710,753345,289146,0.2703
2013.5,2013Q2,JAPAN,98.3,1285450,2099,260132,758135,291039,0.2282
2013.75,2013Q3,JAPAN,99.1,1298086,73772,260858,763243,303636,0.228
2014,2014Q4,JAPAN,99.1,1196403,82581,239927,706029,288453,0.2203
2014.25,2014Q1,JAPAN,100.1,1209614,122044,241626,722473,288755,0.2147
2014.5,2014Q2,JAPAN,98.1,1209855,2046,244169,699683,293031,0.2107
2014.75,2014Q3,JAPAN,98.2,1211216,76024,245740,704780,289005,0.21
2015,2015Q4,JAPAN,98.7,1068756,79831,215802,617729,253215,0.1843
2015.25,2015Q1,JAPAN,100.1,1093797,114994,216991,620013,262815,0.1713
2015.5,2015Q2,JAPAN,100.2,1098471,1666,216208,621934,266058,0.1693
2015.75,2015Q3,JAPAN,100.1,1100860,73300,217121,623723,263983,0.169
2016,2016Q4,JAPAN,99.7,1221389,90826,244665,688301,291048,0.169
2016.25,2016Q1,JAPAN,100.2,1230185,146016,247306,685919,287457,0.1217
2016.5,2016Q2,JAPAN,100.4,1227940,1767,243250,682537,291266,0.0597
2016.75,2016Q3,JAPAN,100.6,1229703,65673,244121,685093,286720,0.0573
2017,2017Q4,JAPAN,100.9,1196284,107585,237760,666314,278043,0.056
2017.25,2017Q1,JAPAN,102.1,1205346,136565,238411,671763,285555,0.056
2017.5,2017Q2,JAPAN,102.4,1210032,1703,237510,676223,288903,0.056
2017.75,2017Q3,JAPAN,103,1222955,79650,238341,672018,295411,0.0623
2018,2018Q4,JAPAN,103.5,1247734,101513,244432,688522,303727,0.063
2018.25,2018Q1,JAPAN,103,1240603,150519,245551,688600,297818,0.0777
2018.5,2018Q2,JAPAN,103.4,1242719,1669,245777,687489,303200,0.0843
2018.75,2018Q3,JAPAN,102.5,1234573,85928,245612,689143,297842,0.0773
2019,2019Q4,JAPAN,103.1,1253038,106346,247840,701193,311493,0.05
2019.25,2019Q1,JAPAN,103.9,1268369,156305,250650,700874,311935,0.0367
2019.5,2019Q2,JAPAN,104.3,1274202,1832,254129,705119,314949,0.0493
2019.75,2019Q3,JAPAN,104.3,1279442,80569,256186,708795,315045,0.0223
2020,2020Q4,JAPAN,102.5,,,,,,0.016
2020.25,2020Q1,JAPAN,101.9,,,,,,0.016
2020.5,2020Q2,JAPAN,93.8,,,,,,-0.041
1961.25,1961Q1,UK,27.7,17188,,2795,11133,,
1961.5,1961Q2,UK,27.8,17185,,2818,11253,,
1961.75,1961Q3,UK,27.6,17778,,2855,11445,,
1962,1962Q4,UK,27.6,17578,,2828,11520,,
1962.25,1962Q1,UK,27.7,17820,,2973,11765,,
1962.5,1962Q2,UK,28,18253,,3015,12125,,
1962.75,1962Q3,UK,28.1,18438,,3043,12055,,
1963,1963Q4,UK,28,18530,,3050,12220,,
1963.25,1963Q1,UK,28.2,18410,,2945,12388,,
1963.5,1963Q2,UK,29.4,19370,,3008,12790,,
1963.75,1963Q3,UK,29.5,19668,,3078,12980,,
1964,1964Q4,UK,30.2,20278,,3123,13163,,
1964.25,1964Q1,UK,30.4,20348,,3168,13378,,
1964.5,1964Q2,UK,30.9,21058,,3235,13568,,
1964.75,1964Q3,UK,31.1,21513,,3290,13870,,
1965,1965Q4,UK,31.5,22100,,3318,14235,,
1965.25,1965Q1,UK,31.4,22525,,3478,14415,,
1965.5,1965Q2,UK,31.5,22635,,3668,14518,,
1965.75,1965Q3,UK,31.7,23188,,3740,14833,,
1966,1966Q4,UK,31.9,23638,,3830,15095,,
1966.25,1966Q1,UK,32,24003,,3853,15360,,
1966.5,1966Q2,UK,32.2,24418,,4018,15653,,
1966.75,1966Q3,UK,32.3,24873,,4103,15640,,
1967,1967Q4,UK,32.1,25125,,4188,15890,,
1967.25,1967Q1,UK,32.6,25385,,4348,16033,,
1967.5,1967Q2,UK,33,26023,,4395,16278,,
1967.75,1967Q3,UK,33.2,26203,,4470,16738,,
1968,1968Q4,UK,33.3,26540,,4588,17120,,
1968.25,1968Q1,UK,34.6,27740,,4713,17840,,
1968.5,1968Q2,UK,34.4,28073,,4725,17498,,
1968.75,1968Q3,UK,35.1,28965,,4815,17980,,
1969,1969Q4,UK,35.2,29703,,4828,18440,,
1969.25,1969Q1,UK,35.2,30220,,4938,18775,,
1969.5,1969Q2,UK,35.4,30678,,5000,19018,,
1969.75,1969Q3,UK,35.6,31358,,5113,19195,,
1970,1970Q4,UK,35.8,32185,,5235,19758,,
1970.25,1970Q1,UK,35.6,33068,,5330,20198,,
1970.5,1970Q2,UK,36.4,34513,,5700,20713,,
1970.75,1970Q3,UK,36.8,35645,,5868,21350,,
1971,1971Q4,UK,37.1,36913,,6005,21978,,
1971.25,1971Q1,UK,36.9,37453,,6123,22510,,
1971.5,1971Q2,UK,37.5,38710,,6498,23448,,
1971.75,1971Q3,UK,38.2,39945,,6688,24088,,
1972,1972Q4,UK,38.3,40945,,6838,24695,,
1972.25,1972Q1,UK,38.4,41448,,7145,25538,,
1972.5,1972Q2,UK,39.4,43423,,7268,26400,,
1972.75,1972Q3,UK,39.5,44353,,7558,27383,,
1973,1973Q4,UK,40.1,47025,,7875,28570,,
1973.25,1973Q1,UK,42.1,50075,,8165,30208,,
1973.5,1973Q2,UK,42.2,49628,,8350,30418,,
1973.75,1973Q3,UK,41.8,51340,,8715,31353,,
1974,1974Q4,UK,41.6,53215,,8975,32588,,
1974.25,1974Q1,UK,40.5,52770,,9443,33748,,
1974.5,1974Q2,UK,41.1,56565,,10028,35323,,
1974.75,1974Q3,UK,41.3,59685,,11045,37198,,
1975,1975Q4,UK,40.7,49956,,9720,31490,,
1975.25,1975Q1,UK,40.8,53598,,11098,33552,,
1975.5,1975Q2,UK,40.1,56222,,11376,35436,,
1975.75,1975Q3,UK,39.9,58482,,12086,36480,,
1976,1976Q4,UK,40.4,51453,,10523,31683,,
1976.25,1976Q1,UK,41,54012,,10922,33163,,
1976.5,1976Q2,UK,41,55438,,11498,34198,,
1976.75,1976Q3,UK,41.5,57470,,11687,35453,,
1977,1977Q4,UK,42.4,61012,,11888,37372,,
1977.25,1977Q1,UK,42.4,63278,,12020,38358,,
1977.5,1977Q2,UK,42.1,65285,,12465,39522,,
1977.75,1977Q3,UK,42.4,67117,,12692,40720,,
1978,1978Q4,UK,43.1,84188,,15522,50712,,
1978.25,1978Q1,UK,43.5,88134,,16294,53568,,
1978.5,1978Q2,UK,44,91662,,16746,54650,,
1978.75,1978Q3,UK,44.6,94256,,17178,56888,,
1979,1979Q4,UK,45,97662,,17806,58450,,
1979.25,1979Q1,UK,44.8,100756,,18190,61134,,
1979.5,1979Q2,UK,46.8,107766,,19236,66002,,
1979.75,1979Q3,UK,45.8,113368,,20206,67666,,
1980,1980Q4,UK,46.3,149283,,26573,89350,,
1980.25,1980Q1,UK,45.8,155055,,28350,94430,,
1980.5,1980Q2,UK,44.9,159055,,29950,95363,,
1980.75,1980Q3,UK,44.9,164865,,32078,98803,,
1981,1981Q4,UK,44.4,136128,,26764,80934,,
1981.25,1981Q1,UK,44.3,139628,,26954,84476,,
1981.5,1981Q2,UK,44.4,142356,,27814,86742,,
1981.75,1981Q3,UK,44.9,146272,,28452,88858,,
1982,1982Q4,UK,45,125705,,23838,76353,,
1982.25,1982Q1,UK,45,128845,,24757,78297,,
1982.5,1982Q2,UK,45.5,131397,,25450,79542,,
1982.75,1982Q3,UK,45.6,133823,,25407,81797,,
1983,1983Q4,UK,46,117900,,22209,72331,,
1983.25,1983Q1,UK,46.8,122106,,23364,74471,,
1983.5,1983Q2,UK,47.2,123240,,23500,75740,,
1983.75,1983Q3,UK,47.7,126316,,23431,77729,,
1984,1984Q4,UK,48.1,113381,,20950,69044,,
1984.25,1984Q1,UK,48.5,114364,,20766,70398,,
1984.5,1984Q2,UK,48,116735,,21831,72074,,
1984.75,1984Q3,UK,48.3,118395,,22301,72563,,
1985,1985Q4,UK,49.3,122435,,22603,74901,,
1985.25,1985Q1,UK,49.7,123493,,22533,76588,,
1985.5,1985Q2,UK,50.8,129279,,22708,78165,,
1985.75,1985Q3,UK,50.8,131245,,23026,80449,,
1986,1986Q4,UK,50.9,153144,,26537,94077,,
1986.25,1986Q1,UK,51.5,155020,,27391,96980,,12.4529
1986.5,1986Q2,UK,51.9,157609,,28323,99477,,10.2222
1986.75,1986Q3,UK,52.1,160233,,28506,101259,,10.0404
1987,1987Q4,UK,53.1,192695,,33725,120237,,11.2716
1987.25,1987Q1,UK,53.5,196630,,34252,123083,,10.6691
1987.5,1987Q2,UK,54.3,203038,,35570,126357,,9.2117
1987.75,1987Q3,UK,55.7,211328,,36133,130332,,9.8479
1988,1988Q4,UK,56.3,215877,,36768,133985,,8.9997
1988.25,1988Q1,UK,57.3,221837,,37230,138817,,9.0293
1988.5,1988Q2,UK,57.6,226902,,38350,142560,,8.4721
1988.75,1988Q3,UK,58.5,234713,,38508,147135,,11.4028
1989,1989Q4,UK,59,242533,,39967,150288,,12.5066
1989.25,1989Q1,UK,59.3,247595,,40477,153633,,13.0959
1989.5,1989Q2,UK,59.7,252318,,41245,157390,,13.5294
1989.75,1989Q3,UK,59.7,259280,,42688,159815,,13.977
1990,1990Q4,UK,59.8,264987,,43595,163258,,15.1247
1990.25,1990Q1,UK,60.2,270292,,44357,166603,,15.2215
1990.5,1990Q2,UK,60.5,277815,,46003,171507,,15.1549
1990.75,1990Q3,UK,59.9,283002,,47555,174185,,14.9845
1991,1991Q4,UK,59.6,283750,,48452,176913,,13.875
1991.25,1991Q1,UK,59.5,288835,,49177,179873,,13.2563
1991.5,1991Q2,UK,59.4,292340,,50865,182945,,11.6262
1991.75,1991Q3,UK,59.3,295083,,52355,185435,,10.799
1992,1992Q4,UK,59.4,299488,,53080,187773,,10.6121
1992.25,1992Q1,UK,59.4,302228,,54030,189278,,10.6028
1992.5,1992Q2,UK,59.3,302925,,54653,192232,,10.2715
1992.75,1992Q3,UK,59.7,303683,,55505,194403,,10.2173
1993,1993Q4,UK,60.1,264656,,48036,168349,,7.6306
1993.25,1993Q1,UK,60.5,270999,,48531,172200,,6.4155
1993.5,1993Q2,UK,60.8,271613,,47451,173981,,6.0066
1993.75,1993Q3,UK,61.3,276394,,48207,177787,,5.9592
1994,1994Q4,UK,61.7,279770,,48709,180486,,5.6013
1994.25,1994Q1,UK,62.4,283951,,49669,182080,,5.3114
1994.5,1994Q2,UK,63.2,286443,,49324,183631,,5.235
1994.75,1994Q3,UK,63.9,289809,,50537,185641,,5.5373
1995,1995Q4,UK,64.3,345545,,59568,219495,,6.1756
1995.25,1995Q1,UK,64.6,347370,,59957,221533,60652,6.7224
1995.5,1995Q2,UK,64.8,351420,,60592,224895,66885,6.7424
1995.75,1995Q3,UK,65.4,357402,,60753,228745,69460,6.8493
1996,1996Q4,UK,65.5,360745,,61610,232165,65828,6.6962
1996.25,1996Q1,UK,66.1,367612,,63648,236810,68093,6.2775
1996.5,1996Q2,UK,66.3,375587,,62705,241390,71215,6.0453
1996.75,1996Q3,UK,66.9,382250,,62972,245442,72683,5.8406
1997,1997Q4,UK,67.4,386627,,63385,249612,71578,6.279
1997.25,1997Q1,UK,68.3,390843,,64288,254408,67997,6.3358
1997.5,1997Q2,UK,68.9,393170,,62845,257537,72687,6.5504
1997.75,1997Q3,UK,69.4,404160,,63458,263113,73737,7.1939
1998,1998Q4,UK,70.3,398970,,65483,265812,67868,7.5667
1998.25,1998Q1,UK,70.9,405865,,66325,268698,71255,7.5654
1998.5,1998Q2,UK,71.5,411003,,66200,273033,74667,7.5791
1998.75,1998Q3,UK,72,416093,,67283,279257,72470,7.6674
1999,1999Q4,UK,72.7,427663,,68192,279445,84052,6.8851
1999.25,1999Q1,UK,73.2,429958,124423,70370,284903,81862,5.6255
1999.5,1999Q2,UK,73.3,427345,99805,71327,287440,74758,5.2959
1999.75,1999Q3,UK,74.7,433883,116832,72475,288690,78470,5.2772
2000,2000Q4,UK,75.8,378829,105314,62693,251494,68877,5.9845
2000.25,2000Q1,UK,76.3,386289,116596,63453,257460,71299,6.2008
2000.5,2000Q2,UK,76.8,390171,103923,65054,258880,73041,6.2756
2000.75,2000Q3,UK,77,393689,109359,66736,261524,72951,6.2052
2001,2001Q4,UK,77.1,395069,100004,67410,263030,71521,6.0681
2001.25,2001Q1,UK,78.2,399094,121424,69434,266339,70983,5.7179
2001.5,2001Q2,UK,78.8,407753,105920,69013,268904,79889,5.3039
2001.75,2001Q3,UK,79.5,408766,110846,71317,273099,74689,4.9935
2002,2002Q4,UK,79.8,412213,101550,73691,272781,73513,4.1585
2002.25,2002Q1,UK,80.1,416571,123474,75257,276939,74730,4.0767
2002.5,2002Q2,UK,80.5,421990,105157,77076,278964,77876,4.1682
2002.75,2002Q3,UK,81.1,428154,113034,78130,281413,78047,4.0119
2003,2003Q4,UK,81.8,506500,123473,92095,332763,95752,3.9844
2003.25,2003Q1,UK,82.4,513260,146627,94812,336070,91972,3.7973
2003.5,2003Q2,UK,83.2,519027,129625,98642,341135,90883,3.6394
2003.75,2003Q3,UK,84,527503,136743,99763,346085,93253,3.5698
2004,2004Q4,UK,84.7,643202,158924,122488,418724,117992,3.9342
2004.25,2004Q1,UK,85.2,647834,190924,123380,423412,117138,4.1729
2004.5,2004Q2,UK,85.5,659224,163040,127954,429038,120284,4.5711
2004.75,2004Q3,UK,85.6,662340,178288,130246,434028,117628,4.9223
2005,2005Q4,UK,85.9,670858,172234,133058,440760,110618,4.8851
2005.25,2005Q1,UK,86.6,677632,204806,132714,446446,117502,4.9171
2005.5,2005Q2,UK,87.7,695932,174592,137500,448786,124296,4.8929
2005.75,2005Q3,UK,88.7,700566,192744,138820,455002,123858,4.6165
2006,2006Q4,UK,90,718418,182548,141072,461268,132376,4.6143
2006.25,2006Q1,UK,90.4,725354,221058,143838,462374,136928,4.591
2006.5,2006Q2,UK,90.6,735276,186760,145048,470500,134728,4.6887
2006.75,2006Q3,UK,90.7,741224,202880,146842,476954,130274,4.9008
2007,2007Q4,UK,91.2,747992,191612,148816,479308,134820,5.2163
2007.25,2007Q1,UK,92,759570,236878,148298,483828,143482,5.5338
2007.5,2007Q2,UK,92.6,768002,195828,152070,491178,139304,5.7655
2007.75,2007Q3,UK,93.3,781886,213904,154692,498204,145970,6.3635
2008,2008Q4,UK,93.8,790182,201502,153842,504006,146122,6.3461
2008.25,2008Q1,UK,94.3,802564,249794,158924,512112,153396,5.7337
2008.5,2008Q2,UK,93.8,798986,198116,160812,511436,146546,5.8915
2008.75,2008Q3,UK,92.3,793720,242824,162664,512590,132996,5.8363
2009,2009Q4,UK,90.4,653827,166305,139820,422030,102145,4.5841
2009.25,2009Q1,UK,88.8,641205,189638,139445,417260,94305,2.0882
2009.5,2009Q2,UK,88.6,641670,151017,140747,412878,98528,1.3778
2009.75,2009Q3,UK,88.7,648485,166580,143985,416530,97548,0.7935
2010,2010Q4,UK,88.9,647910,157107,144015,420317,95125,0.5952
2010.25,2010Q1,UK,89.5,657838,198962,143875,419905,104315,0.6304
2010.5,2010Q2,UK,90.4,667628,172755,144408,428602,106800,0.6938
2010.75,2010Q3,UK,91,669945,179423,143858,432378,109752,0.7325
2011,2011Q4,UK,91,674463,167925,146115,434492,108673,0.7423
2011.25,2011Q1,UK,91.6,690498,212513,147563,440380,107557,0.7925
2011.5,2011Q2,UK,91.7,685592,176392,143215,441418,105355,0.8232
2011.75,2011Q3,UK,92,690615,190452,144028,445015,110533,0.8683
2012,2012Q4,UK,92.2,699603,178030,145265,451353,109655,1.0144
2012.25,2012Q1,UK,92.7,702503,212358,149400,454522,103612,1.0657
2012.5,2012Q2,UK,92.7,705623,175335,146195,459173,113460,0.9909
2012.75,2012Q3,UK,93.8,721368,190988,147278,461405,118587,0.7234
2013,2013Q4,UK,93.7,724372,180077,150088,467233,116365,0.529
2013.25,2013Q1,UK,94.3,728897,216725,147812,475352,109105,0.5097
2013.5,2013Q2,UK,94.8,735213,186062,149603,477917,114795,0.5064
2013.75,2013Q3,UK,95.7,749180,197767,147950,485405,124363,0.513
2014,2014Q4,UK,96.2,756892,188515,152355,487550,135893,0.5216
2014.25,2014Q1,UK,96.8,765242,224978,153112,492942,132540,0.5213
2014.5,2014Q2,UK,97.4,773380,189563,152160,498343,132867,0.5327
2014.75,2014Q3,UK,98,781377,206195,155547,502648,131652,0.5602
2015,2015Q4,UK,98.5,671380,169657,132469,433944,114787,0.5576
2015.25,2015Q1,UK,99.1,674611,201926,132371,433741,123381,0.5635
2015.5,2015Q2,UK,99.8,684857,168943,132934,439204,118024,0.5698
2015.75,2015Q3,UK,100.2,687441,182111,134913,444433,117887,0.5844
2016,2016Q4,UK,101,691513,173671,133603,448169,117559,0.5788
2016.25,2016Q1,UK,101.1,699744,212983,135180,454347,120560,0.5896
2016.5,2016Q2,UK,101.7,710816,177690,136057,462486,120281,0.5843
2016.75,2016Q3,UK,102.1,715301,192323,136621,468703,129670,0.4329
2017,2017Q4,UK,102.8,634219,161048,120026,411470,109836,0.3892
2017.25,2017Q1,UK,103.4,641823,197986,120621,417431,113186,0.3548
2017.5,2017Q2,UK,103.6,644418,161550,119836,419446,112534,0.3135
2017.75,2017Q3,UK,104,647235,174570,120838,420861,112965,0.2945
2018,2018Q4,UK,104.4,749839,192941,139473,486677,131577,0.4731
2018.25,2018Q1,UK,104.5,755127,228123,140034,494671,127820,0.5659
2018.5,2018Q2,UK,105,762634,195070,140507,499547,131300,0.6795
2018.75,2018Q3,UK,105.6,771254,208837,142103,504679,131390,0.7841
2019,2019Q4,UK,105.9,677491,175064,125474,443469,119245,0.8618
2019.25,2019Q1,UK,106.6,686518,213004,127430,445656,140081,0.8781
2019.5,2019Q2,UK,106.5,689825,172734,129615,448100,121748,0.8
2019.75,2019Q3,UK,107,696804,187803,130911,451394,116455,0.7667
2020,2020Q4,UK,107,,,,,,0.7867
2020.25,2020Q1,UK,104.7,,,,,,0.6733
2020.5,2020Q2,UK,83.4,,,,,,0.39
1961.25,1961Q1,US,18.7,136255,,21648,83630,,
1961.5,1961Q2,US,19,138886,,22186,84864,,
1961.75,1961Q3,US,19.3,141916,,22528,85583,,
1962,1962Q4,US,19.7,145153,,22979,87398,,
1962.25,1962Q1,US,20.1,148503,,23789,88706,,
1962.5,1962Q2,US,20.3,150092,,24143,90115,,
1962.75,1962Q3,US,20.5,152257,,24735,91083,,
1963,1963Q4,US,20.6,153070,,25023,92655,,
1963.25,1963Q1,US,20.8,155418,,25118,93571,,
1963.5,1963Q2,US,21,157438,,25145,94603,,
1963.75,1963Q3,US,21.5,161111,,26028,96349,,
1964,1964Q4,US,21.6,163485,,26465,97512,,
1964.25,1964Q1,US,22.1,167456,,26695,99895,,
1964.5,1964Q2,US,22.3,169669,,26953,101884,,
1964.75,1964Q3,US,22.7,173008,,27366,104106,,3.8633
1965,1965Q4,US,22.8,174330,,27358,104747,,4.0233
1965.25,1965Q1,US,23.3,179448,,27707,107428,,4.1967
1965.5,1965Q2,US,23.6,182548,,28225,109161,,4.3033
1965.75,1965Q3,US,24.1,187331,,29473,111451,,4.31
1966,1966Q4,US,24.7,192964,,30785,114934,,4.5667
1966.25,1966Q1,US,25.3,198934,,31278,117534,,5.0633
1966.5,1966Q2,US,25.4,201245,,32429,118797,,5.38
1966.75,1966Q3,US,25.6,204910,,33822,121073,,5.7333
1967,1967Q4,US,25.8,208326,,34348,122515,,5.7567
1967.25,1967Q1,US,26,211043,,36175,123579,,5.1967
1967.5,1967Q2,US,26,212246,,36812,125865,,4.5267
1967.75,1967Q3,US,26.3,216308,,37615,127679,,4.9467
1968,1968Q4,US,26.5,220360,,38748,129562,,5.4133
1968.25,1968Q1,US,27,227347,,40349,134074,,5.4633
1968.5,1968Q2,US,27.5,233586,,41027,137504,,6.0133
1968.75,1968Q3,US,27.7,237706,,41956,141531,,5.8867
1969,1969Q4,US,27.8,242008,,42949,143744,,6.0733
1969.25,1969Q1,US,28.2,248334,,43045,146751,,6.5567
1969.5,1969Q2,US,28.3,252255,,44288,149584,,7.3767
1969.75,1969Q3,US,28.5,257489,,45652,152157,,8.5133
1970,1970Q4,US,28.4,259537,,46454,155147,,8.5967
1970.25,1970Q1,US,28.3,262800,,47220,157921,56781,8.5233
1970.5,1970Q2,US,28.4,266844,,47577,160393,57573,7.8867
1970.75,1970Q3,US,28.6,271515,,48586,163371,58536,7.6767
1971,1971Q4,US,28.3,272152,,49403,165040,56963,6.17
1971.25,1971Q1,US,29.1,283789,,50964,169797,61886,4.44
1971.5,1971Q2,US,29.2,289068,,51948,173306,63914,4.9433
1971.75,1971Q3,US,29.5,294419,,52653,176400,65308,5.7067
1972,1972Q4,US,29.6,297574,,53395,180435,64225,4.93
1972.25,1972Q1,US,30.1,307652,,55558,184737,68241,3.88
1972.5,1972Q2,US,30.8,316592,,56386,189341,71930,4.55
1972.75,1972Q3,US,31.1,322642,,56276,193950,73076,4.9333
1973,1973Q4,US,31.6,332226,,57279,200126,75587,5.3
1973.25,1973Q1,US,32.4,344373,,58349,206252,80122,6.4
1973.5,1973Q2,US,32.7,353472,,59293,210132,83433,7.6733
1973.75,1973Q3,US,32.5,358460,,59887,214719,82244,10.3533
1974,1974Q4,US,32.9,369072,,61596,218472,86767,9.2367
1974.25,1974Q1,US,32.6,372802,,63407,222967,84830,8.64
1974.5,1974Q2,US,32.7,382514,,64730,230106,88357,10.9433
1974.75,1974Q3,US,32.3,390007,,67128,237319,87302,12.0267
1975,1975Q4,US,32.2,399920,,69940,239770,90202,9.3667
1975.25,1975Q1,US,31.8,404029,,71775,246298,81837,6.69
1975.5,1975Q2,US,32.1,412963,,73561,253396,80612,5.9567
1975.75,1975Q3,US,32.6,427455,,74967,261798,87679,6.8167
1976,1976Q4,US,33,440458,,76423,269056,91529,6.2833
1976.25,1976Q1,US,33.8,455122,,77097,277477,99385,5.22
1976.5,1976Q2,US,34,463083,,78003,282385,102819,5.5067
1976.75,1976Q3,US,34.2,471640,,78701,289702,104255,5.4133
1977,1977Q4,US,34.5,483568,,80706,298102,106411,4.9333
1977.25,1977Q1,US,34.9,497162,,82449,307053,112931,4.8333
1977.5,1977Q2,US,35.6,513977,,84286,313995,120980,5.1933
1977.75,1977Q3,US,36.2,529618,,86097,321726,126941,5.85
1978,1978Q4,US,36.2,541068,,88338,331201,128924,6.6867
1978.25,1978Q1,US,36.3,550690,,89771,338513,132076,6.9
1978.5,1978Q2,US,37.7,582908,,91834,352846,143884,7.42
1978.75,1978Q3,US,38.1,598763,,93637,360554,150512,8.2733
1979,1979Q4,US,38.6,619237,,95527,370339,157472,10.2933
1979.25,1979Q1,US,38.7,631653,,98023,379285,158884,10.2767
1979.5,1979Q2,US,38.7,647812,,99896,389409,164055,10.0567
1979.75,1979Q3,US,39,666891,,101932,402967,167750,10.9033
1980,1980Q4,US,39.1,680971,,104855,413759,169057,13.6633
1980.25,1980Q1,US,39.2,697461,,108268,425576,172569,15.0867
1980.5,1980Q2,US,38.4,699338,,113464,426181,163497,11.4733
1980.75,1980Q3,US,38.4,714121,,114450,440943,157361,9.95
1981,1981Q4,US,39.1,746389,,117469,457969,172622,15.7567
1981.25,1981Q1,US,39.9,781052,,121737,471434,191446,15.92
1981.5,1981Q2,US,39.6,790633,,125852,479381,188777,16.75
1981.75,1981Q3,US,40,815152,,128017,489525,199501,17.52
1982,1982Q4,US,39.6,820205,,131435,493612,198845,13.4533
1982.25,1982Q1,US,39,818576,,134468,503539,184638,14.24
1982.5,1982Q2,US,39.2,832993,,136677,509911,187502,14.2333
1982.75,1982Q3,US,39,841581,,139986,521418,187589,11.57
1983,1983Q4,US,39,850640,,143400,536389,178249,9.04
1983.25,1983Q1,US,39.5,868353,,145785,546147,182558,8.53
1983.5,1983Q2,US,40.4,894712,,148502,562360,195209,8.7733
1983.75,1983Q3,US,41.2,922295,,151931,579974,206690,9.5533
1984,1984Q4,US,42.1,948677,,149175,593124,224224,9.41
1984.25,1984Q1,US,42.9,977014,,152478,604541,243745,9.68
1984.5,1984Q2,US,43.7,1002400,,157415,618969,252091,10.9533
1984.75,1984Q3,US,44.1,1021063,,160492,628381,258152,11.44
1985,1985Q4,US,44.5,1037138,,164343,640449,259284,9.3867
1985.25,1985Q1,US,44.9,1057542,,166829,659002,254535,8.6167
1985.5,1985Q2,US,45.3,1073722,,170533,670441,261359,7.95
1985.75,1985Q3,US,46,1096693,,175277,688537,262103,7.7933
1986,1986Q4,US,46.3,1111024,,178001,694850,271531,7.83
1986.25,1986Q1,US,46.7,1126974,,179452,705912,273114,7.5833
1986.5,1986Q2,US,47,1136335,,183269,712864,272420,6.66
1986.75,1986Q3,US,47.4,1151917,,186981,729300,270377,6
1987,1987Q4,US,47.7,1164407,,188288,738202,271324,5.83
1987.25,1987Q1,US,48,1180539,,190257,745878,279712,6.0467
1987.5,1987Q2,US,48.5,1201540,,192941,763333,282011,6.8167
1987.75,1987Q3,US,49,1221139,,194463,779340,283703,6.94
1988,1988Q4,US,49.8,1251999,,199233,787729,301388,7.64
1988.25,1988Q1,US,50.1,1268343,,200842,807974,290524,6.7167
1988.5,1988Q2,US,50.7,1297509,,203057,822929,298180,7.2233
1988.75,1988Q3,US,51,1320709,,205023,840475,300027,8.1733
1989,1989Q4,US,51.7,1349877,,211533,858635,306634,8.7967
1989.25,1989Q1,US,52.2,1377813,,213188,872543,317323,9.6
1989.5,1989Q2,US,52.6,1403116,,219643,888442,317071,9.5767
1989.75,1989Q3,US,53,1423841,,222384,902350,317876,8.7267
1990,1990Q4,US,53.1,1436809,,226213,913423,317864,8.4367
1990.25,1990Q1,US,53.7,1468175,,231402,934487,324420,8.2433
1990.5,1990Q2,US,53.9,1490007,,235601,945855,325759,8.3333
1990.75,1990Q3,US,53.9,1503779,,237753,961675,323090,8.0433
1991,1991Q4,US,53.4,1501183,,243430,966977,310550,7.97
1991.25,1991Q1,US,53.2,1508795,,248268,968391,303922,6.7133
1991.5,1991Q2,US,53.6,1531716,,250142,981733,305638,6.0133
1991.75,1991Q3,US,53.9,1551484,,252557,993317,310879,5.7
1992,1992Q4,US,54,1566135,,253891,1000008,317999,4.9133
1992.25,1992Q1,US,54.7,1590776,,256728,1025100,314082,4.1233
1992.5,1992Q2,US,55.3,1617691,,259421,1038915,327552,3.8933
1992.75,1992Q3,US,55.8,1641660,,264966,1056743,329574,3.27
1993,1993Q4,US,56.4,1670201,,267269,1076801,337916,3.44
1993.25,1993Q1,US,56.5,1682365,,265833,1087379,343079,3.14
1993.5,1993Q2,US,56.8,1702235,,266468,1104645,346918,3.1333
1993.75,1993Q3,US,57.1,1720525,,269185,1121797,346632,3.14
1994,1994Q4,US,57.9,1753435,,271554,1138163,362080,3.2833
1994.25,1994Q1,US,58.4,1778913,,272415,1155306,371342,3.45
1994.5,1994Q2,US,59.2,1811733,,274775,1170791,388810,4.3467
1994.75,1994Q3,US,59.6,1832769,,280342,1188190,388454,4.8567
1995,1995Q4,US,60.3,1863822,,280570,1206678,402053,5.8633
1995.25,1995Q1,US,60.5,1880572,,282657,1215609,408639,6.1833
1995.5,1995Q2,US,60.7,1895249,,285624,1233402,403596,6.01
1995.75,1995Q3,US,61.2,1920781,,287136,1249666,402592,5.7567
1996,1996Q4,US,61.6,1943147,,286326,1263914,410351,5.7167
1996.25,1996Q1,US,62.1,1967117,,288620,1282654,418042,5.2767
1996.5,1996Q2,US,63.1,2008210,,292477,1305125,434035,5.3933
1996.75,1996Q3,US,63.7,2032852,,293928,1318626,448843,5.48
1997,1997Q4,US,64.3,2064943,,297864,1338191,451094,5.41
1997.25,1997Q1,US,64.7,2090664,,299168,1358276,460430,5.4433
1997.5,1997Q2,US,65.8,2129706,,304642,1367817,478548,5.69
1997.75,1997Q3,US,66.6,2165706,,305940,1394795,489179,5.6
1998,1998Q4,US,67.2,2191477,,310778,1415903,494050,5.73
1998.25,1998Q1,US,67.9,2216620,,309198,1430336,510890,5.5533
1998.5,1998Q2,US,68.5,2242425,,315656,1458142,509210,5.59
1998.75,1998Q3,US,69.4,2280274,,318271,1481712,523951,5.5267
1999,1999Q4,US,70.5,2323498,,324483,1507060,536621,5.1967
1999.25,1999Q1,US,71.2,2354316,,328083,1525633,552533,4.9
1999.5,1999Q2,US,71.7,2381038,,333167,1556325,552713,4.9767
1999.75,1999Q3,US,72.6,2420464,,341118,1582227,565944,5.3833
2000,2000Q4,US,73.9,2474845,,349514,1614893,584347,6.06
2000.25,2000Q1,US,74.1,2500714,,350390,1653399,584951,6.0333
2000.5,2000Q2,US,75.5,2561920,,359325,1676879,615401,6.5733
2000.75,2000Q3,US,75.6,2579956,,361532,1703842,611544,6.6267
2001,2001Q4,US,76.1,2609756,,366748,1728024,615363,6.59
2001.25,2001Q1,US,75.9,2618220,563823,376134,1746722,593053,5.2567
2001.5,2001Q2,US,76.3,2649456,564284,382019,1759084,597988,4.0967
2001.75,2001Q3,US,76,2649074,510087,387306,1766164,587098,3.3367
2002,2002Q4,US,76.2,2665074,538604,391933,1793664,568587,2.0567
2002.25,2002Q1,US,76.9,2697238,501270,401057,1802485,586844,1.8233
2002.5,2002Q2,US,77.3,2723302,498212,408761,1825528,592933,1.8333
2002.75,2002Q3,US,77.7,2748013,503079,413342,1847736,595066,1.76
2003,2003Q4,US,77.8,2767866,507192,421882,1866937,599251,1.4867
2003.25,2003Q1,US,78.2,2795877,510764,428812,1888945,604333,1.2633
2003.5,2003Q2,US,78.9,2828219,512802,435284,1910650,607669,1.1667
2003.75,2003Q3,US,80.2,2891832,503214,438036,1950643,628344,1.07
2004,2004Q4,US,81.1,2942319,529742,444855,1972871,650931,1.1033
2004.25,2004Q1,US,81.6,2980042,536403,453254,2006936,657093,1.0533
2004.5,2004Q2,US,82.2,3027247,548100,459532,2033251,686470,1.2467
2004.75,2004Q3,US,83,3075835,566208,466765,2066086,702092,1.7033
2005,2005Q4,US,83.8,3130606,580471,473135,2106389,721803,2.25
2005.25,2005Q1,US,84.7,3190334,624775,481336,2130739,746907,2.7833
2005.5,2005Q2,US,85.1,3227506,633064,485670,2167857,746677,3.23
2005.75,2005Q3,US,85.9,3285718,646607,494442,2212301,762102,3.7367
2006,2006Q4,US,86.4,3333079,666974,501258,2236221,792321,4.2967
2006.25,2006Q1,US,87.6,3400983,691641,510254,2272663,812356,4.72
2006.5,2006Q2,US,87.8,3437452,703324,514770,2302561,815266,5.1767
2006.75,2006Q3,US,87.9,3466867,713340,520143,2333257,814874,5.3933
2007,2007Q4,US,88.7,3509307,717631,528174,2351863,809351,5.3233
2007.25,2007Q1,US,88.9,3552142,737018,536218,2387358,809645,5.31
2007.5,2007Q2,US,89.4,3595591,745463,545168,2411185,822215,5.3167
2007.75,2007Q3,US,89.9,3633751,737463,553264,2438450,820486,5.4233
2008,2008Q4,US,90.4,3670375,741231,564171,2469438,812689,5.0233
2008.25,2008Q1,US,89.9,3662760,730053,574405,2483563,793837,3.23
2008.5,2008Q2,US,90.4,3701403,734040,585883,2513211,792046,2.7567
2008.75,2008Q3,US,89.9,3708797,716970,597451,2520241,783996,3.0567
2009,2009Q4,US,87.9,3639886,676204,594656,2459315,737331,2.8167
2009.25,2009Q1,US,86.9,3598637,606567,594902,2439032,663731,1.0833
2009.5,2009Q2,US,86.8,3588213,594221,605267,2440054,627545,0.6167
2009.75,2009Q3,US,87.1,3605078,600074,611012,2473850,621590,0.3
2010,2010Q4,US,88.1,3657005,613778,619422,2489273,659706,0.2233
2010.25,2010Q1,US,88.4,3680338,630115,624676,2510121,667835,0.2067
2010.5,2010Q2,US,89.2,3731525,641229,629159,2532942,699205,0.4233
2010.75,2010Q3,US,89.9,3769979,657391,627124,2555152,721478,0.3367
2011,2011Q4,US,90.4,3810211,671000,629184,2587621,721459,0.28
2011.25,2011Q1,US,90.1,3821457,706046,629158,2621340,711328,0.2833
2011.5,2011Q2,US,90.8,3874047,714120,633075,2653031,733408,0.22
2011.75,2011Q3,US,90.8,3897963,713551,625595,2676342,739488,0.2867
2012,2012Q4,US,91.8,3949115,725824,623926,2690397,784957,0.4233
2012.25,2012Q1,US,92.5,4004940,735526,629456,2730611,798648,0.33
2012.5,2012Q2,US,92.9,4038064,745185,625985,2741215,815991,0.3
2012.75,2012Q3,US,93.1,4064288,752648,630050,2753561,815887,0.2667
2013,2013Q4,US,93.2,4089716,773396,630489,2781428,812259,0.2333
2013.25,2013Q1,US,94,4142398,804400,631590,2805795,834229,0.22
2013.5,2013Q2,US,94.1,4159482,813388,633385,2809898,843432,0.1967
2013.75,2013Q3,US,94.8,4212187,817541,632720,2832737,870802,0.1233
2014,2014Q4,US,95.6,4270784,826326,634312,2868781,877954,0.1267
2014.25,2014Q1,US,95.3,4276139,851203,637173,2893557,871988,0.1233
2014.5,2014Q2,US,96.6,4358227,863638,637641,2939220,908278,0.1133
2014.75,2014Q3,US,97.8,4430414,869288,646110,2978840,928532,0.1267
2015,2015Q4,US,98.3,4462478,881611,644495,3011137,937948,0.1333
2015.25,2015Q1,US,99.3,4500850,905799,645014,3024768,963262,0.15
2015.5,2015Q2,US,99.9,4555894,918178,651051,3063884,968045,0.1533
2015.75,2015Q3,US,100.3,4586856,912954,654649,3097328,970547,0.24
2016,2016Q4,US,100.5,4594701,911732,656914,3111500,957910,0.3633
2016.25,2016Q1,US,101,4617539,907688,656913,3137912,951189,0.5533
2016.5,2016Q2,US,101.4,4664052,914367,661739,3176881,948515,0.5567
2016.75,2016Q3,US,101.9,4705340,930133,668834,3210290,950645,0.7
2017,2017Q4,US,102.5,4758145,932016,673369,3244880,976421,0.7667
2017.25,2017Q1,US,103.1,4809359,926207,677362,3288298,979590,0.9167
2017.5,2017Q2,US,103.6,4844808,931639,680621,3310317,993750,1.08
2017.75,2017Q3,US,104.3,4904322,948840,686602,3342731,1010885,1.24
2018,2018Q4,US,105.3,4984491,1213861,698119,3399009,1031230,1.3733
2018.25,2018Q1,US,106.3,5060554,935304,709006,3438887,1060113,1.83
2018.5,2018Q2,US,107,5138163,942620,719091,3484976,1071134,2.1833
2018.75,2018Q3,US,107.6,5185681,950116,729048,3521566,1096675,2.2
2019,2019Q4,US,107.9,5227463,953340,734144,3547853,1108829,2.54
2019.25,2019Q1,US,108.7,5278827,971308,737703,3569147,1125863,2.52
2019.5,2019Q2,US,109.1,5332469,986438,746924,3624330,1122402,2.4033
2019.75,2019Q3,US,109.8,5385081,982965,752298,3661328,1129415,2.1033
2020,2020Q4,US,110.5,5436849,995533,758132,3689796,1126361,1.8033
2020.25,2020Q1,US,109.1,5390285,995937,761498,3636365,1115998,1.53
2020.5,2020Q2,US,99.1,4871627,,763031,3261683,981118,0.185
